,title,title_label,description,description_label
0,민주당 일 장외집회 시민사회와 협의 중 ,1,오는 일과 일에 열릴 장외집회도 표면적으로는 김건희 특검법 관철을 위한 집회지만 속내를 살펴보면 한편 민주당은 원내에서 김건희 특검법 관철을 위한 차 비상 행동에 돌입할 방침이다 황 대변인은 ,0
1,박장범 사장 후보자 김건희 여사 파우치 논란에 공식 명칭 사용 ,0,박장범 한국방송공사 사장 후보자가 대통령 배우자 김건희 여사의 명품 가방 수수 논란과 관련해 해당 가방을 파우치 라고 지칭한 것은 제품의 공식 명칭을 사용했을 뿐이라고 해명했다 일 국회 ,0
2, 당원 게시판 논란 미묘한 신경전,1,대표가 비방글 작성자를 고발한 데 따른 것이다 당내에서는 다시 계파 싸움으로 번지는 분위기 의정 갈등 해소 김건희 여사 문제 해결 등에 이어 해당 논란이 갈등의 새 뇌관이 될 수도 있다는 우려가 제기된다 ,0
3, 디올 파우치 발언 해명한 박장범 사장 후보 씨알도 안 먹히는 말 ,0,박장범 사장 후보 김건희 여사 뉴스 일 오전 열린 국회 과학기술정보방송통신위원회 과방위 올 월 에서 방영한 윤 대통령과의 단독 대담 방송에서 박 후보자는 김건희 여사의 디올 백을 파우치 로 발언 ,0
4,최민희 비명계 움직이면 내가 당원과 함께 죽일 것 ,0,최 의원은 지난 일 서울 광화문에서 열린 김건희 윤석열 국정농단 규탄 특검 촉구 제 차 국민 행동의 날 인식 이라며 김건희 정권 이 무너지는 조짐이 보인다고 해서 쉽게 물러날 것이냐 그렇지 않다고 생각한다 고 ,0
5,민주당 장외집회 이어나갈 것 이재명은 민생경제 챙긴다 ,0,민주당은 지난 일을 시작으로 지난 일까지 주말마다 총 세 차례의 김건희 윤석열 국정농단 규탄 특검 촉구 국민의 날 장외집회를 진행했다 국회 안에서는 이날부터 김건희 특검법 관철을 위한 차 비상 행동에 ,0
6, 미디어특위 의 은 민주당의 인가 특정 정당 방송 자처 ,0, 공식 유튜브에서 지난 일 더불어민주당의 김건희 특검법 촉구 차 국민행동의 날 장외집회를 무려 시간 분 동안 생중계한 것과 관련 국민의힘은 일 의 은 민주당의 인가 라고 쏘아붙였다 국민의힘 ,0
7,박장범 사장 후보 파우치 표현은 팩트 성명엔 반성 ,1,박장범 사장 후보자가 김건희 여사 명품 가방 수수 의혹과 관련해 논란이 된 파우치 표현에 대해 공식 명칭을 사용한 것뿐 이라고 해명했다 박 후보자는 일 국회 과학기술정보방송통신위원회의 ,0
8,참가 숫자 신통치 않은 탄핵 집회 이재명은 동지 아니냐 호소,0,더불어민주당이 진행한 김건희 윤석열 국정농단 규탄 및 특검 촉구 차 집회가 기존보다 크게 늘거나 줄지 않은 것으로 확인됐다 이재명 더불어민주당 대표는 동지 라는 발언을 강조했는데 집회 참석자들이 대폭 늘지 ,0
9,최민희 기득권 세력이 뭉쳐 이재명 죽이기 민주당 분열 부추기는 ,0,최 의원은 지난 일 오후 서울 광화문 일대에서 진행된 김건희 윤석열 국정농단 규탄 집회 현장 오마이 인터뷰에서 어떤 법 판결이 나오느냐가 중요한 것이 아니라 핵심은 민주당이 분열하느냐 아니냐에 ,0
10,이재명 판결 공방전 재판 지연 막을 것 김건희 특검 관철 ,0,반대로 더불어민주당은 이 대표 심 판결 대응을 자제하는 대신 김건희 특검법을 관철시키겠다는 의지를 사법살인 김건희 특검 반드시 통과 민주당은 이 대표 심 판결을 두고 사법정의가 무너졌다 는 주장을 폈다 ,0
11,박장범 사장 후보자 디올 파우치 공식 상품명 사실이고 팩트 ,0,박장범 사장 후보자가 김건희 여사의 명품 가방 수수 논란에 대해 해당 가방을 파우치 라고 지칭한 일은 공식 명칭을 사용한 것뿐이라고 해명했다 박 후보자는 일 국회 과학기술정보방송통신위원회 과방위 의 ,0
12,박장범 사장 후보 디올 파우치 표현은 팩트이자 상품명 ,0,박장범 사장 후보자가 대통령 배우자 김건희 여사의 명품 가방 수수 논란과 관련해 해당 가방을 파우치 라고 지칭한 일은 공식 명칭을 사용한 것뿐이라고 해명했습니다 박 후보자는 오늘 일 국회 ,0
13,검찰 재소환 강혜경 명태균이 윤 당선 도우면 공천 문제없다 언급 ,1,강 씨는 명 씨가 대 대선 과정에서 당시 윤 후보자를 위해 차례에 걸쳐 억 만 원 상당의 여론조사를 해준 뒤 그 대가로 김건희 여사와 친분을 이용해 김 전 의원의 보궐선거 공천을 도왔다고 주장한다 이와 관련 ,0
14,이재명 집행유예 파장 법원에서 끝까지 싸워나갈 것 악의적 거짓말 ,0,장 부위원장은 이재명 대표가 심에서 중한 형을 받았다고 해도 김건희 여사와 관련된 논란이 희석된 것 아니고 명태균 씨 공천 의혹도 없어지는 것은 아니다 고 강조했습니다 호준석 국민의힘 대변인은 같은 자리에서 ,0
15,최민희 비명계 죽일 것 전현희 윤 김 살인자 발언도 소환,0,그러자 지난 월 김건희 윤석열 살인자 발언으로 충격을 안겨줬던 같은 당 전현희 의원의 막말까지 이날 국회 과학기술정보방송통신위원회 최민희 위원장은 지난 일 오후 서울 광화문에서 열린 김건희 윤석열 ,0
16, 비명계 움직이면 죽이겠다 신의 사제 민주 이재명 엄호 발언 이어 ,0,최민희 민주당 의원은 지난 일 서울 광화문에서 열린 김건희 윤석열 국정농단 규탄 특검촉구 제 차 인식이고 김건희 정권 이 무너지는 조짐이 보인다고 해서 쉽게 물러날 거냐 그렇지 않다고 생각한다 고 덧붙인다 ,0
17,박장범 사장 후보 파우치 표현은 공식 상품명 사용한 것 ,0,박장범 사장 후보자가 대통령 배우자 김건희 여사의 명품 가방 수수 논란과 관련해 해당 가방을 파우치 라고 지칭한 일은 공식 상품명을 사용한 것뿐이라고 해명했습니다 박 후보자는 오늘 일 국회 ,0
18,경남대 김근식 이재명 유죄라고 희희낙락할 게 아니다 ,0,김 교수는 민심과 이반되고 국민 눈높이에 맞지않는 대통령의 고집과 불통 대통령 비위만 맞추는 일부 친윤들의 행태 김건희 여사의 부적절한 정치 오지랖 등으로 그동안 국민의 불만과 분노를 자아낸 점이 결국 ,0
19,민주 최민희 의원 비명계 움직이면 제가 당원과 함께 죽일 것 ,0,민주당 국민소통위원자이며 대 대선 이재명 캠프 미디어특보단장을 지낸 최 의원은 일 오후 서울 광화문 일대에서 진행된 민주당의 김건희 윤석열 국정농단 규탄 특검 촉구 제 차 국민행동의 날 집회 현장에서 ,0
20,보수의 심장 경북에서 시국선언 안동대 교수 명 윤 대통령 퇴진 촉 ,1, 대통령 부인으로 내조만 하겠다던 김건희 여사가 권력을 이용해 국정을 농단하는 작금의 사태를 주역인 김건희 여사에 대한 조건없는 특검 실시와 전쟁 위기 조장 굴종 외교 민생파탄의 책임자인 윤석열 대통령의 ,0
21,친명 최민희 비명계 움직이면 죽일 것 제가 당원과 함께 죽일 것 ,0,최민희 의원은 지난 일 광화문에서 열린 김건희 윤석열 국정농단 규탄 특검 촉구 집회에서 검찰을 비판하며 당내 분열을 경계하는 발언을 했다 최 의원은 검찰 독재 정권하에서는 법대로 모든 일이 결정되기 어려운 ,0
22, 이재명 선고 입장문 내라 에게도 향하는 친명의 분노 정치 담 ,0,강성 친명으로 평가받는 최민희 민주당 의원은 지난 일 광화문에서 열린 김건희 윤석열 국정농단 규탄 특검 촉구 제 차 국민 행동의 날 에서 민주당의 숨죽이던 비명계가 움직이기 시작했다고 한다 며 어떤 판결이 ,0
23,최민희 비명계 움직이면 죽일 것 민주 당 차원 입장 아냐 이런 ,0,앞서 최 의원은 지난 일 서울 광화문 일대에서 열린 민주당 주최 김건희 윤석열 국정농단 규탄 특검촉구 제 차 국민행동의 날 집회 현장에서 진행된 오마이 와 인터뷰에서 해당 발언을 해 논란이 됐다 당시 최 ,0
24,안동대 교수 인 대통령 즉각 퇴진 시국선언 동참,0,또 최근 쏟아지는 명태균 씨 관련 여론조작과 공천개입 의혹에 대해 국민들이 특검을 요구하고 있는데도 윤 대통령은 대국민 담화에서 김건희 특검 을 불법 으로 규정했다 며 작금의 국정농단 사태를 지켜보기에는 ,0
25, 연대 논술 시험 유출자 명 추가 특정 시험감독관 참고인 조사 종합 ,0,김 청장은 윤석열 대통령 부인 김건희 여사의 공천 개입 의혹 을 제기했다가 피소된 명태균 씨 수사 상황에 대해선 총 건으로 공공범죄수사대에서 수사를 하고 있다 며 명 씨가 언론사를 고소한 건은 ,0
26, 주간 미디어 브리핑 박장범 사장 후보자 인사청문회,0,민주당 등 야당은 박 후보자가 지난 윤석열 대통령 신년 대담에서 김건희 여사가 받은 명품백을 조그마한 파우치 라고 표현하는 등 논란에 대해 사장 자격이 없다 며 송곳 검증을 예고했다 월 국회 ,0
27, 사법 살인 정치판결 이재명 심 선고 변론장 된 민주당 최고위,1,그러면서 이번 엉터리 판결 이후 김건희 여사와 윤석열 대통령도 처벌 받아야 한다는 의견이 확산되고 있다 면서 낙선 후보의 말 몇 마디에 이렇게 중형을 내릴 거면 당선을 위해 허위사실을 수차례 발표해 공표한 ,0
28, 박장범은 꼭두각시 핵심은 고대영 류희림 김건희 라인 ,0,류희림 김건희 여사로 이어지는 라인 이라고 주장했다 한민수 의원은 일 박 후보자 인사청문회에서 구 카르텔 과 김건희 라인 을 명시한 관계도를 띄웠다 구 카르텔 은 고대영 전 사장과 정철웅 기자 김건희 ,0
29, 영상 민주당 이재명 판결 성토 심판결 명백한 사법살인 ,0,박 원내대표는 윤석열 대통령과 김건희 여사에 대한 의혹들을 지적하며 수사가 공평하게 이뤄져야 한다고 강조했다 박 원내대표는 유력한 야당 대선후보를 제거하면 자신들의 죄가 없어지고 처벌받지 않을 것이며 정권 ,0
30,대구대 안동대 교수 연구자 시국선언 국정 파탄 ,0,정책 김건희 국정 개입 논란 부자 감세와 교육 재정 파탄 등을 한목소리로 규탄했다 안동대 시국선언 참가자들은 윤 대통령 외교 문제를 집중 지적하면서 김건희 비리 문제도 강조했다 이들은 미국 중심 일극 체제가 ,0
31,최민희 비명계 움직이면 죽는다 당원과 함께 죽일 것 ,0,앞서 최 의원은 지난 일 서울 도심에서 열린 김건희 윤석열 국정농단 규탄 특검촉구 제 차 국민행동의 날 집회에 참석 현장에서 오마이 와 인터뷰를 하면서 이같이 말했습니다 최 의원은 향후 재판을 어떻게 ,0
32,명태균 윤한홍은 나 때문에 비서실장 경남지사에서 잘렸다 ,1,명태균씨가 김건희 여사를 설득해 대통령 비서실장 인선을 막았다는 취지로 말하는 녹음 파일이 일 추가로 공개됐다 더불어민주당은 이날 공보국을 통해 관련 녹음 파일을 개 공개했다 명씨는 년 월 대선 직전 ,0
33,검찰 명태균 김건희 여사 대화사진 장 추가 확보,1,이 가운데는 김건희 여사와 나눈 대화 캡처본 장이 포함된 것으로 확인됐습니다 최진석 기자의 이 가운데는 명 씨가 김건희 여사와 나눈 텔레그램 대화 캡처본 장도 포함된 것으로 취재 결과 확인됐습니다 이 ,0
34,민주 명백한 사법 살인 국힘 판사 겁박 자해 행위 ,0,이재명 대표는 판결에 대한 직접 언급을 삼가는 대신 검찰을 비판하며 김건희 여사 특검법 통과가 필요하다고 강조했습니다 이재명 민주당 대표 검찰이 제대로 하지 못하면 특별검사를 임명해서 그 훼손된 법 절차를 ,0
35,최민희 비명계 겨냥 움직이면 죽는다 김장겸 이재명 주변 이미 많 ,0,최민희 의원은 지난 일 서울 광화문 일대에서 진행된 김건희 윤석열 국정농단 규탄 특검 촉구 제 차 국민행동의 날 집회 현장에서 유튜브 오마이 등 유튜버들과 만나 이미 일부 언론이 민주당에 숨죽이던 비명계가 ,0
36, 사장 후보자 박장범 김건희 디올백 수수 관련 파우치 표현은 팩트 ,1,박장범 한국방송공사 사장 후보자가 대통령 배우자 김건희 여사가 받은 명품 가방을 과거 파우치 라고 지칭한 일을 놓고 상품명을 말한 것일 뿐이라고 주장했다 박 후보자는 일 국회 과학기술정보방송통신위원회 ,0
37,이재명 범죄 은폐 불공정 권한 행사로 국가 질서 어지럽혀 ,0,이 대표는 김건희 여사 특검법 처리를 거듭 강조했다 그는 검찰이 제대로 하지 못하면 특별검사를 임명해서 그 훼손되는 법질서를 지켜내야 하는 것은 너무 당연하다 이번 특검은 반드시 통과돼야 한다 며 대통령의 ,0
38,국민의힘 민주당 장외집회 시간 생중계 특정 정당 대변 의도 ,0,국민의힘 미디어특별위원회는 지난 일 열린 더불어민주당의 김건희 특검법 촉구 장외집회를 시간 넘게 유튜브 생중계한 를 향해 공영방송이 아니라 특정 정당 홍보 채널을 자처한 것 이라고 주장하며 ,0
39, 단독 검찰 명태균 여론조사 공표업체 압수수색,1, 김건희 여사의 공천개입 의혹을 수사 중인 검찰이 명태균 씨 여론조사 조작 의혹에 대한 강제수사를 본격화했습니다 일 채널 취재를 종합하면 창원지검 전담수사팀은 공표용 여론조사 기관 피플네트웍스리서치 을 ,0
40,싱글맘 사망 지연 보고 논란 서울청장 수사 부서 변경하다 지체 ,0,김 청장은 윤석열 대통령 부인 김건희 여사의 공천 개입 의혹 을 제기했다가 피소된 명태균 씨 수사 상황에 대해선 총 건으로 공공범죄수사대에서 수사를 하고 있다 며 명 씨가 언론사를 고소한 건은 ,0
41,명태균 내가 윤한홍 경남지사 되는 것 막았다 주장,1,즉 대선 당시 본인이 김건희 여사에게 접근해 윤한홍 의원을 윤석열 당시 대선 후보의 비서실장으로 당신 그래 알아 라고 말하며 김건희 여사가 바로 윤석열 당시 대선 후보에게 전화를 해 윤한홍 의원을 비서실장으로 ,0
42,교통난 소음 쓰레기 주말마다 시위지옥 ,0, 김건희 윤석열 국정농단 규탄 및 특검 촉구 를 내걸고 주 연속 집회를 연 민주당은 오는 일에도 차 집회를 추진하고 있다 일 민주당 집회 앞뒤로는 촛불승리전환행동 촛불행동 집회 거부권을 거부하는 ,0
43, 이재명 유죄 윤 반등했지만 는 회초리 여론풍향계 ,1,다만 윤 대통령과 김건희 여사의 공천 개입 의혹이 이어지면서 대통령에 대한 보수 텃밭의 지지는 싸늘해지는 모습이다 여론조사 전문업체 리얼미터가 에너지경제 의뢰로 지난 일부터 일까지 세 이상 유권자 ,0
44,최민희 비명계 움직이면 죽일 것 민주당 당 차원 입장 아니다 ,0,앞서 최 의원은 지난 일 김건희 윤석열 국정농단 규탄 특검촉구 제 차 국민행동의 날 집회에 참석해 오마이 현장 인터뷰에서 이재명 대표의 공직선거법 위반 사건 심 선고 이후 당내 비명 비이재명 계 ,0
45,최민희 비명계 움직이면 죽는다 발언에 민주 당 입장 아냐 ,0,제가 당원과 함께 죽일 것 이라고 말했다 최 의원은 또 대한민국 기득권 세력이 똘똘 뭉쳐서 이재명 죽이기 를 하고 있는 형국이라는 것이 제 인식이고 김건희 정권 이 무너지는 조짐이 보인다고 해서 쉽게 물러날 거냐 ,0
46,보수의 심장에서 터져 나온 시국선언 교수들 윤 대통령 퇴진하라 ,1,또 대통령 부인으로 내조만 하겠다던 김건희 여사가 권력을 이용해 국정을 농단하는 사태를 지켜보기에는 인내의 한계점에 도달했다고도 덧붙였다 안동대 시국선언 참여 교수 일동은 국정농단의 주역인 김 여사에 ,0
47,최민희 비명계 움직이면 죽는다 ,0,최 의원은 지난 일 서울 도심에서 열린 김건희 윤석열 국정농단 규탄 특검촉구 제 차 국민행동의 날 집회에 참석해 현장에서 오마이 와 인터뷰를 하면서 이같이 말했습니다 향후 재판을 어떻게 전망하느냐 는 ,0
48, 비명계 움직이면 죽일 것 내부 단속 나선 친명계,0,박 원내대표는 제 야당 대표와 배우자가 년 넘게 수사와 재판을 받고 있는데 왜 김건희 여사에 대한 수사는 제대로 이뤄지지 않고 심지어 기소조차 되지 않았냐 며 식사비 만 원 때문에 만원 벌금형을 선고받는다면 ,0
49,박장범 사장 후보 디올 파우치 표현은 팩트이자 상품명 ,0,인사청문회서 파우치 논란 반박 박장범 사장 후보자가 대통령 배우자 김건희 여사의 명품 가방 수수 논란과 관련해 해당 가방을 파우치 라고 지칭한 일은 공식 명칭을 사용한 것뿐이라고 해명했다 박 후보자는 일 ,0
50,국민의힘 이재명 방탄용 예산 삭감 원래대로 되돌릴 것 ,0,김 의장은 민주당이 이른바 김건희 여사 예산 이라며 대폭 삭감한 예산에 대해서도 민주당도 당론으로 추진한 개식용 종식과 관련된 육견업계 지원금을 정치적 예산으로 호도했다 며 프레임 덧씌우기로 국민을 ,0
51,이재명 선고 후 첫 공개회의서 김건희 특검으로 법질서 수호 ,0,타깃은 김건희 특검 이었다 박찬대 야당 대표는 중형 윤석열 김건희 는 왜 제대로 수사 안 하나 박찬대 야당 대표는 중형 윤석열 김건희 는 왜 제대로 수사 안 하나 박찬대 더불어민주당 원내대표가 일 오전 서울 ,0
52,최민희 비명계 움직이면 죽는다 당원과 함께 죽일 것 ,0,앞서 최 의원은 지난 일 서울 도심에서 열린 김건희 윤석열 국정농단 규탄 특검촉구 제 차 국민행동의 날 집회에 참석 현장에서 오마이 와 인터뷰를 진행했습니다 최 의원은 이 자리에서 향후 재판을 어떻게 ,0
53,최민희 비명계 움직이면 죽는다 당원과 함께 죽일 것 ,0,앞서 최 의원은 지난 일 서울 도심에서 열린 김건희 윤석열 국정농단 규탄 특검촉구 제 차 국민행동의 날 집회에 참석해 현장에서 한 언론사와 인터뷰를 하면서 이같이 말했다 최 의원은 향후 재판을 어떻게 ,0
54, 친명 최민희 비명계 움직이면 당원과 함께 죽일 것 ,0,최 의원은 지난 일 서울 광화문에서 열린 김건희 윤석열 국정농단 규탄 특검 촉구 제 차 국민행동의 날 인식 이라며 김건희 정권 이 무너지는 조짐이 보인다고 해서 기득권이 쉽게 물러날 거 같냐 그렇지 않다고 ,0
55,최민희 비명계 움직이면 죽는다 당원과 함께 죽일 것 ,0,앞서 최 의원은 지난 일 서울 도심에서 열린 김건희 윤석열 국정농단 규탄 특검촉구 제 차 국민행동의 날 집회에 참석 현장에서 오마이 와 인터뷰를 하면서 이같이 말했습니다 최 의원은 향후 재판을 어떻게 ,0
56,이재명 김건희 특검 임명으로 법 질서 지켜야 ,0,이재명 더불어민주당 대표는 일 김건희 특검법 과 관련 검찰이 제대로 하지 못하면 특별검사를 임명해서 그 훼손되는 법 질서를 지켜내야 하는 건 너무 당연하다 고 밝혔다 이재명 대표는 이날 국회에서 열린 ,0
57,명태균 윤 대통령 지방 가면 나는 지 마누라 김건희 에게 간다 ,0,마누라 김건희 여사 한테 간다 고 말했다 명태균씨는 지난 대선 직전인 년 월초쯤 녹음된 것으로 민주당은 이를 윤 대통령 배우자 김건희 여사와의 소통으로 해석했다 명씨는 윤 대통령과의 친분도 강조했다 ,0
58, 뉴스 박장범 사장 후보자 청문회에 등장한 디올 명품백,1,김민지 안은나 기자 김건희 여사 디올백은 파우치 혹은 조그마한 백 이라고 발언한 박장범 사장 후보자 앵커가 김건희 여사 디올백은 파우치 혹은 조그마한 백 이라고 말했던 것과 관련 실제 디올백을 들고 나와 ,0
59,최민희 비명계 겨냥 움직이면 죽일 것 ,0,최 의원은 지난 일 서울 광화문에서 진행된 김건희 윤석열 국정농단 규탄 특검 촉구 제 차 국민행동의 날 집회에 참석해 오마이 유튜브에 이미 일부 언론이 민주당에 숨죽이던 비명계가 움직이기 시작했다 고 한다 ,0
60, 김건희 여사 명품백 사건 때 역술가에 저 감옥 가요 조언 구해 자 ,1, 년부터 김 여사가 조언 구해 명리학자 주장 나와윤석열 대통령의 부인 김건희 여사가 년 이른바 조국 사태 때부터 윤 대통령 취임 이후인 작년 월 명품백 수수 사건 당시까지 한 역술가에게 조언을 구했다는 ,0
61,이재명 권력 남용 범죄 은폐 국가 질서 어지럽혀 ,1,그러면서 이번 김건희 특검은 반드시 통과돼야 한다 며 검찰이 제대로 하지 못하면 특별검사를 임명해 박 원내대표는 이번 엉터리 판결 이후 김건희 여사와 윤석열 대통령도 처벌 받아야 한다는 의견이 확산되고 ,0
62, 심 유죄 이재명 김건희 특검 반드시 통과돼야 정치 공세 ,1,대표가 김건희 특검법을 겨냥하는 등 본격적인 노골적인 정치공세에 나서고 있다 이 대표는 일 국회에서 전반적으로 김건희 여사의 각종 의혹을 수사하는 데 검찰이 소극적이라고 단정지음과 동시에 김건희 ,0
63,이재명 일 수원 영동시장서 민생 행보 계속,0,아울러 원내는 김건희 특검법 관철을 위해 이날 오후 시 국회 본관 앞에서 선포식을 열고 오는 일까지 제 차 비상행동에 돌입한다 경기신문 김한별 기자 이재명 더불어민주당 대표가 일 국회에서 열린 ,0
64,강혜경 명태균 당선되면 예비후보들 공천받을 거라 말해 ,1,강 씨는 명 씨가 대 대선을 앞두고 윤 대통령을 위해 차례에 걸쳐 억 만 원 상당의 여론조사를 하고 김건희 여사와 친분을 통해 김 전 의원의 보궐선거 공천을 약속받았다고 주장하고 있다 ,0
65, 엉터리 선입견 판결 민주 심 재판부 성토,0,박 원내대표는 이번 엉터리 판결 이후 김건희 여사와 윤석열 대통령도 처벌 받아야 한다는 의견이 확산되고 있다 면서 낙선 후보의 말 몇 마디에 이렇게 중형을 내릴 거면 당선을 위해 허위사실을 수차례 발표해 ,0
66, 친명 최민희의 극언 비명계 움직이면 당원들과 함께 죽일 것 ,0,최 의원은 지난 일 서울 광화문에서 열린 김건희 윤석열 국정농단 규탄 특검 촉구 제 차 국민행동의 날 김건희 정권 이 무너지는 조짐이 보인다고 해서 기득권이 쉽게 물러날 거 같냐 그렇지 않다고 생각한다 라고 ,0
67,박찬대 이재명 심 최악의 판결 명백한 사법살인 ,0,한편 그는 제 야당 대표와 배우자가 년 넘게 수사와 재판을 받고 있는데 왜 김건희 여사에 대한 수사는 제대로 이뤄지지 않고 심지어 기소조차 되지 않았나 라고 따져 물었다 이 대표 배우자인 김혜경 씨에 대한 판결을 ,0
68,이재명 불공정한 권한 행사로 국가 질서 어지렵혀 ,1,그는 검찰이 제대로 하지 못하면 특별검사를 임명해 훼손되는 법 절차와 법 질서를 지키는 것이 당연하다 며 김건희 특검법 은 반드시 통과되어야 한다 고 강조했다 검찰이 김건희 여사를 둘러싼 각종 의혹을 ,0
69,국힘 분풀이식 검찰 특활비 삭감 정부안대로 되돌려놓겠다 ,1,김 의장은 민주당이 김건희 예산 이라고 한 사업 예산에 대해서도 사수 의지를 밝혔다 민주당은 김 여사가 관심을 기울인 개 식용 종식 관련 예산 억원 자살예방 등 마음 건강 지원 사업 예산 억원의 감액을 ,0
70, 이슈 인사이트 그들만의 조지 오웰식 국어사전 ,0,아내 김건희 여사에게 제기된 의문에 대해 부인이 남들한테 좀 욕 안 얻어먹고 원만하게 잘하기를 바라는 궁금증이 많은 한 네티즌이 국립국어원 홈페이지에 정말 김건희 여사의 행동을 국정농단으로 칭할 수 없는 ,0
71, 김건희 예산 지키고 검찰 특활비 복원 국민의힘 내년도 예산안 심 ,1,국민의힘은 일 야당이 추진하는 김건희 표 예산 삭감을 저지하고 상임위원회에서 삭감된 검찰 김건희 표 예산으로 불리는 개 식용 종식 마음투자 지원 예산에 대해서는 삭감을 저지하겠다는 의지를 밝혔다 김 ,0
72, 대통령이 김건희 머슴이냐 퇴진 교수도 직격 ,0,또 대통령 부인으로 내조만 하겠다던 김건희 여사가 권력을 이용해 국정을 농단하는 작금의 사태를 지켜보기에는 인내의 한계점에 도달하였다 며 윤석열 대통령은 대한민국 대통령이 아닌 김건희 여사의 머슴 이냐고 ,0
73,박장범 디올백은 파우치 조그만 백 발언 영어를 우리말로 풀어 쓴 ,1,박장범 사장 후보자가 김건희 여사 디올백은 파우치 혹은 조그마한 백 이라고 발언했던 것에 대해 때 김건희 여사 디올백은 파우치 혹은 조그마한 백 이라고 말했던 것과 관련해 영어를 우리말로 풀어쓴 것 ,0
74,민주당 미친 판결 비난 판사 탄핵 엔 소수 의견 ,0,이어 실제 발언을 왜곡 짜집기한 것을 유죄로 인정한 판결은 전제부터 틀렸고 심지어 헌법재판소의 판결과 대법원 판례마저 무시한 판결로 법적 안정성과 신뢰성을 크게 훼손했다 며 이번 엉터리 판결 이후 김건희 ,0
75,이재명 민주공화국 주인은 국민 김민석 서초동 주인도 국민 ,0, 김건희 특검 관철을 강조한 메시지였지만 지난 일 나온 이 대표의 선거법 위반 사건 판결과 맞물려 눈길을 끌었다 이 대표는 일 당 최고위 공개회의에서 질서 유지의 최후 보루라고 할 검찰이 검찰권을 남용하고 ,0
76,민주 일 장외집회 이재명은 민생 행보 ,0,민주당은 지난 일 김건희 윤석열 국정농단 규탄 특검 촉구 장외 집회를 시작으로 지난 일까지 총 차례의 정권 규탄 집회를 진행했다 원내는 김건희 특검법 관철을 위한 차 비상행동에 돌입한다 황 대변인은 ,0
77,이재명 검찰 권한남용 범죄 은폐 특검 통과돼야 ,0,이는 검찰이 윤석열 대통령의 부인 김건희 여사의 각종 의혹을 수사하는 데 소극적이라고 지적하면서 김 여사 특검법 의 필요성을 역설한 것으로 보인다 그는 국민이 이 나라의 법 질서 회복을 바란다 면서 특검은 ,0
78,이재명 검찰 불공정 권한 행사로 국가 질서 어지럽혀 ,1, 김건희 여사 특검법 관철 의지도 드러냈다 그는 검찰이 제대로 못 하면 특검을 임명해 훼손되는 법 절차와 질서를 지켜내야 하는 건 너무 당연하다 며 이번 특검은 반드시 통과돼야 한다 대통령 거부권 행사가 예상이 ,0
79, 자유무역 기후위기 보호무역 기후허구 서 격돌하는 트 ,0,윤 대통령은 이번 순방에 김건희 여사와 동행하지 않았다 정의로운 세계와 지속가능한 지구 구축 을 주제로 열리는 제 차 리우 정상회의는 자유무역과 기후위기라는 반 트럼프 가치가 주요 의제로 다뤄질 ,0
80, 시선집중 명태균 측 질문비율 이준석 함성득은 거간꾼 ,1,거기서도 어느 순간부터 명 씨의 김건희 여사에 대한 정보가 정확하지 않았다 그래서 김종인 위원장의 사모님인 김미경 씨도 나한테 김건희 여사에 대한 정보가 좋지가 않더라 질이 안 좋다라고 이야기할 정도라고 ,0
81,한동훈 재판 모니터링 이재명 권한남용 범죄 은폐 ,0,이 대표의 발언은 검찰이 김건희 여사의 각종 의혹을 수사하는 데 소극적이라는 점을 언급한 것으로 해석된다 이 대표는 이어 국민이 이 나라의 법 질서 회복을 바란다 며 특검 도입을 강조했다 이 대표는 또 ,0
82,이재명 검찰이 국가 질서 어지럽히고 있어 ,1,이어 검찰이 제대로 하지 못하면 특별검사를 임명해 훼손되는 법 절차 질서를 지켜내야 하는 것은 너무 당연하다 며 김건희 특검법 은 반드시 통과되어야 한다 고 강조했다 그러면서 대통령 거부권 재의요구권 행사가 ,0
83, 리얼미터 지지율 하락세 멈춰 민생행보 해외순방에 상승 ,0,여야의정 협의체 출범 및 김건희 여사 순방 제외 지지율 상승 영향 여론조사 전문기관 리얼미터가 에너지경제 의뢰로 지난 일부터 일까지 전국 세 이상 유권자 명에게 윤 대통령의 ,0
84,최민희 비명계 움직이면 내가 당원과 함께 죽일 것 검찰 독재 정권 ,0,최 의원은 월 일 오후 광화문 일대에서 열린 김건희 윤석열 국정농단 규탄 특검 촉구 제 차 국민 행동의 날 집회에서 오마이 유튜브 인터뷰에서 민주당에 숨죽이던 비명계가 움직이기 시작했다 라고 주장했습니다 ,0
85,국민의힘 민생 미래 약자보호 중심 예산 조정 대한민국 발판 마련 ,1,구 의원은 야당에서 정치적 예산으로 호도하는 예산이 무엇인가 묻는 취재진 질문에 전 정부에서부터 청년의 극단적 선택을 줄이고자 편성한 예산을 김건희 예산 이라고 해 삭감하겠다고 하는 것으로 안다 며 용산 ,0
86,박찬대 이재명 심 판결 역사에 오점 명백한 사법 살인 ,0, 상식적이지 않은 판결 안정성 신뢰성 훼손 김건희 윤석열은 기소조차 안 돼 국민 분노 죄지었으면 박 원내대표는 윤석열 대통령과 김건희 여사를 겨냥한 발언도 이어갔다 박 원내대표는 제 야당의 대표와 ,0
87,국민의힘 민생 예산 증액 이재명 방탄용 삭감 되돌릴 것 ,0,김 의장은 이른바 김건희 여사 예산 이라며 민주당이 대폭 삭감한 예산에 대해서도 민주당도 당론으로 추진한 개식용 종식과 관련된 육견업계 지원금을 정치적 예산으로 호도했다 며 프레임 덧씌우기로 국민을 ,0
88,이재명 검 권한남용 범죄 은폐로 나라 어지럽혀 특검 통과돼야 ,0,법 절차와 법 질서를 지키는 것이 당연하다 며 이같이 밝혔습니다 이 대표의 발언은 검찰이 김건희 여사의 각종 의혹을 수사하는 데 소극적이라는 점을 언급하며 김건희 여사 특검법 의 필요성을 강조한 것으로 풀이됩니다 ,0
89,이재명 김건희 여사 특검법 거부권 행사 예상되지만 나라는 대통령 ,1,이 대표의 발언은 검찰이 김건희 여사의 각종 의혹을 수사하는 데 소극적이라는 점을 언급하며 김건희 여사 특검법 의 필요성을 강조한 것으로 풀이된다 이 대표는 국민이 이 나라의 법 질서 회복을 바란다 며 특검은 ,0
90,최민희 급기야 정치적 공개 살인예고 비명계 움직이면 죽이겠다 ,0, 일 정치권에 따르면 최민희 민주당 의원은 지난 일 서울 도심에서 열린 이재명 방탄 논란이 있는 김건희 윤석열 국정농단 규탄 관련 집회 현장에서 가진 유튜브와의 인터뷰에서 일부 언론의 흔들기에 부화뇌동해 ,0
91,박찬대 이재명 심 최악의 판결 명백한 사법살인 ,0,박 원내대표는 제 야당 대표와 배우자가 년 넘게 수사와 재판을 받고 있는데 왜 김건희 여사에 대한 수사는 제대로 이뤄지지 않고 심지어 기소조차 되지 않았는가 라고 반문했다 그는 식사비 만 원 때문에 ,0
92,민주 이재명 심 선고 에 더 강한 민주 서울법대 나온 판사 맞나 ,0,있다 며 김건희 특검 수용을 촉구했다 박찬대 원내대표는 이재명 대표에 대한 심 재판 판결은 명백한 전현희 최고위원은 자력으로 정권 창출이 불가한 윤건희 윤석열 김건희 정권 이 최대 걸림돌인 이재명 ,0
93,최민희 비명계 향해 분열 세력 움직이면 죽는다 ,0,최 의원은 지난 일 서울 광화문에서 진행된 김건희 윤석열 국정농단 규탄 특검 촉구 제 차 국민행동의 날 집회 현장에서 오마이 유튜브 등 유튜버들과 만나 민주당에 숨죽이던 비명계가 움직이기 시작했다 고 한다 고 ,0
94, 권한남용 범죄 은폐로 나라 어지럽혀 특검 통과돼야 ,0,이 대표의 발언은 검찰이 김건희 여사의 각종 의혹을 수사하는 데 소극적이라는 점을 언급하며 김건희 여사 특검법 의 필요성을 강조한 것으로 풀이된다 이 대표는 국민이 이 나라의 법 질서 회복을 바란다 며 특검은 ,0
95,경향신문 이재명은 이재명 김건희 는 김건희 ,0, 이재명은 이재명 김건희 는 김건희 라는 지적이다 아울러 검찰의 이중잣대 논란이 도마 위에 올랐다 윤 대통령은 김건희 는 계좌를 전부 공개했다 김건희 허위이력 논란은 단순 오기 김만배와 전화 한 통 한 적 없다 ,0
96,국립안동대 교수들 윤 대통령 즉각 퇴진하라 시국선언문 발표,0, 국정농단 주역 김건희 여사 조건 없는 특검 실시 전쟁 위기 조장 굴종 외교 민생파탄 책임자 윤석열 특히 대통령 부인으로 내조만 하겠다 던 김건희 여사가 권력을 이용해 국정을 농단하는 작금의 사태를 ,0
97,검찰 명태균 김건희 여사 대화사진 장 추가 확보,1,이 가운데는 김건희 여사와 나눈 대화 캡처본 장이 포함된 것으로 확인됐습니다 최진석 기자의 이 가운데는 명 씨가 김건희 여사와 나눈 텔레그램 대화 캡처본 장도 포함된 것으로 취재 결과 확인됐습니다 이 ,0
98, 규탄 집회 연결 수능 링크 사이트 개설자 처벌될까 취재메타 ,0, 학년도 대학수학능력시험 국어영역 지문에 삽입된 링크가 김건희 윤석열 국정농단 규탄 퇴진 관련 함께 김건희 윤석열 국정농단 규탄 특검 촉구 제 차 국민 행동의 날 을 안내하는 웹페이지로 연결돼 ,0
99, 규탄 집회 연결 수능 링크 사이트 개설자 처벌될까 취재메타 ,0, 학년도 대학수학능력시험 국어영역 지문에 삽입된 링크가 김건희 윤석열 국정농단 규탄 퇴진 관련 함께 김건희 윤석열 국정농단 규탄 특검 촉구 제 차 국민 행동의 날 을 안내하는 웹페이지로 연결돼 ,0
100,최민희 비명계 움직이면 내가 당원들과 함께 죽일 것 ,1,최 의원은 지난 일 서울 광화문 일대에서 열린 김건희 윤석열 국정농단 규탄 특검 촉구 제 차 국민행동의 인식이고 김건희 정권 이 무너지는 조짐이 보인다고 해서 쉽게 물러날 거냐 그렇지 않다고 생각한다 고 ,0
101,국힘 이재명 방탄용 삭감 이라며 검 경 특활비 지키기,0,개식용 마음투자 용산 어린이 공원 김건희 여사 예산 아니다 기자들과의 질의응답에서도 김상훈 의장은 그걸 김건희 여사 예산 이라고 관심 예산이라고 해서 그렇게 삭감한다는 이야기들을 하고 있다 라며 불편한 ,0
102,폴리뉴스 모닝브리핑 월 일 월요일,1, 이슈 차 김건희 특검법 폐기 위기 이재명 사법리스크 속 여당총결집 이탈표 막는다 이슈 이재명 사법리스크 ,0
103,폴리뉴스 모닝브리핑 월 일 토요일,1, 이슈 친윤 친한 단일대오로 특별감찰관 추천 당론 결정 김건희 감찰 할까 이슈 이준석에 김태우 뛸 ,0
104, 군 인내심 시험하지 말라 합참 북한 쓰레기풍선 살포에 경고 ,0,당시 쓰레기풍선 속 대남 전단에는 윤석열 대통령 부부를 비난하는 내용이 담겼다 김건희 여사를 사치에 빠진 현대판 마리 앙투아네트 라고 비유하는 등의 원색적 표현을 쓰기도 했다 ,0
105, 박찬대 사법정의 훼손 정치 판결에 동조할 국민 없어 ,0,이번 엉터리 판결 후 김건희 윤석열 대통령 부부도 처벌 받아야 한다는 여론이 확산중이다 제 야당 대표가 년 넘게 수사받고 재판받는데 왜 김건희 여사는 기소조차 되지 않냐고 국민들이 분노한다 고 했다 이어 ,0
106,박장범 년 국정농단 관련 보도 무마 의혹,0,이훈기 더불어민주당 의원은 박장범 후보자는 과거에는 박근혜 최순실 에게 충성하더니 이번 정권에서는 윤석열 김건희 로 환승 충성하고 있다 며 현 시국에 한국방송 사장이 될 경우 더 심각한 보도농단 이 ,0
107, 김건희 명태균 얼마나 긴밀하길래 도이치 사건 비밀 회의도 알았다 ,0,당시 김건희 도이치모터스 주가조작 의혹 관련 검찰 조사를 앞두고 대책회의를 한다는 사실을 알고 있다는 정황이 포착됐다 윤석열 대통령은 김건희 전 코바나컨텐츠 대표와 명 씨의 대화가 일상적 수준 이라고 해명한 ,0
108,명리학자 작년 말 김건희 저 감옥 가나요 조언 구해 ,0,부인 김건희 여사에게 조언을 했다고 주장했다 지난 일 한겨례 보도에 따르면 명리학자 류모 씨가 인터뷰를 통해 공적으로 중요한 정치적 고비마다 김건희 여사가 의견을 물어왔다 고 밝히며 김 여사가 조언을 ,0
109, 친명 최민희 비명계 움직이면 죽인다 준동시 뿌리뽑겠다 ,0,윤석열 김건희 정권이 위기에 몰려있고 정권의 사법부에 대한 압박이 극에 달한 것 같다 고 말했다 이어 인식 이라며 김건희 정권이 무너지는 조짐이 보인다고 해서 쉽게 물러날 거냐 그렇지 않다고 생각한다 고 ,0
110,박찬대 이재명 심 판결 누가 봐도 명백한 사법살인 ,0,박 원내대표는 윤석열 대통령과 김건희 여사에 대한 의혹들을 지적하며 수사가 공평하게 이뤄져야 한다고 강조했다 박 원내대표는 이번 엉터리 판결 이후 윤 대통령 김 여사도 처벌받아야 한다는 여론이 확산되고 있다 ,0
111,박찬대 이재명에 짜집기 유죄 판결 명백한 사법살인 ,0,박 원내대표는 김건희 여사와 윤석열 대통령도 처벌 받아야 한다고 주장했다 그는 제 야당 대표와 배우자가 년 넘게 수사와 재판을 받고 있는데 왜 김 여사에 대한 수사는 제대로 이뤄지지 않고 심지어 기소조차 ,0
112,검찰 명태균 김건희 여사 대화사진 장 추가 확보,1,이 가운데는 김건희 여사와 나눈 대화 캡처본 장이 포함된 것으로 확인됐습니다 최진석 기자의 이 가운데는 명 씨가 김건희 여사와 나눈 텔레그램 대화 캡처본 장도 포함된 것으로 취재 결과 확인됐습니다 이 ,0
113,김소연 주호영 명태균 때문에 이준석에 졌다 며 거품 물었다더라 ,1,대통령 김건희 여사와 같이 한번 만나자 고 해 월 일 아크로비스타 지하 층에서 만났다 며 대통령은 다른 일정으로 못 오시고 함 교수 김건희 여사 명 사장 셋이 만났다고 하더라 고 전했다 김 변호사는 명 씨가 ,0
114, 비명계 움직이면 당원과 함께 죽일 것 최민희 극언에 섬뜩 ,1,최 의원은 지난 일 서울 광화문에서 진행된 김건희 윤석열 국정농단 규탄 특검 촉구 제 차 국민행동의 날 집회에 참석해 오마이 유튜브에 민주당에 숨죽이던 비명계가 움직이기 시작했다 고 한다 며 이같이 ,0
115,최민희 이재명 사법위기 틈타 비명계 움직이면 당원들과 함께 죽일 것 ,0,제가 당원과 함께 죽일 것 이라며 대한민국 기득권 세력이 똘똘 뭉쳐서 이재명 죽이기 를 하고 있는 형국이라는 것이 제 인식이고 김건희 정권 이 무너지는 조짐이 보인다고 해서 쉽게 물러날 거냐 그렇지 않다고 ,0
116,최민희 비명계 움직이면 제가 당원과 함께 죽일 것 ,1,최민희 의원은 지난 일 오후 서울 광화문 일대에서 진행된 김건희 윤석열 국정농단 규탄 집회 현장 오마이 인터뷰에서 지금 윤석열 정권이 위기에 몰려 있기 때문에 법대로 판결이 나는 것이 불가능한 ,0
117,이재명 재판에 상식적 의문 가지 그럼 윤 대통령은 ,0, 윤 대통령이 후보 시절 김건희 여사의 허위 이력 보도를 명백한 오보 라고 주장했습니다 명백한 또 김건희 여사의 도이치모터스 주가조작 의혹을 부인하며 네 달 정도 맡겼는데 손실을 봐서 돈을 빼고 ,0
118,덕성여대 년 도봉구 일자리 박람회 참여,0,문효민 인턴 기자 덕성여대 총장 김건희 대학일자리본부는 지난달 일 도봉구청 광장에서 진행된 년 도봉구 일자리 박람회에서 찾아가는 이동상담 프로그램을 운영했다 이 프로그램은 지역 청년들에게 실질적인 ,0
119, 주 만에 멈춘 지지율 붕괴 대통령 지지율 리얼미터 ,0,윤 대통령이 대국민담화 를 통해 김건희 여사 활동 중단 등을 발표한 가운데 이재명 더불어민주당 대표를 둘러싼 사법리스크 우려가 보수 지지층의 추가 이탈을 막은 것으로 보인다 리얼미터가 ,0
120,여야 대통령 대국민 담화 엇갈린 반응,1,저버리고 김건희 여사를 선택했다 고 비난했다 조승래 수석대변인은 국회 소통관 브리핑에서 오늘 기자회견조차 김건희 여사의 요구에 따른 것이라며 시종일관 김건희 지키기에만 골몰한 대통령의 모습은 오늘 ,0
121, 비명계 움직이면 내가 당원들과 함께 죽일 것 최민희 극언 ,1,제가 당원과 함께 죽일 것 이라며 대한민국 기득권 세력이 똘똘 뭉쳐서 이재명 죽이기 를 하고 있는 형국이라는 것이 제 인식이고 김건희 정권 이 무너지는 조짐이 보인다고 해서 쉽게 물러날 거냐 그렇지 않다고 ,0
122,움직이려는 비명계 최민희 비명계 움직이면 죽일 것 ,0,이와 관련 최민희 더불어민주당 의원은 지난 일 서울 광화문 일대에서 진행된 김건희 윤석열 국정농단 규탄 특검 촉구 제 차 국민행동의 날 집회에 참석해 오마이 유튜브 측에 민주당에 숨죽이던 비명계가 움직이기 ,0
123, 오늘의 스팟 파우치 발언 박장범 한국방송공사 사장 후보자 인사 ,1,이번 청문회에서는 김건희 여사 디올백 관련 발언과 정치중립 위반 의혹 등에 대한 질의가 나올 것으로 예상된다 이외 이재명 더불어민주당 대표 공직선거법 위반 혐의 심 선고 이후 열리는 더불어민주당 ,0
124,여론조사 조작 산단 선정 개입 산적한 의혹 수사 속도,0, 김건희 여사가 명 씨에게 전달한 돈봉투 사진도 확보했습니다 명 씨가 김 전 의원의 공천을 받는 대가로 무엇을 제공했는지 수사가 본격화 될 것으로 보입니다 윤석열 대통령에 대한 여론조사를 하는 과정에서 조작한 ,0
125,덕성여대 년 도봉구 일자리 박람회 참여,0,도봉구 일자리박람회 덕성여자대학교 총장 김건희 대학일자리본부는 지난달 일 도봉구청 광장에서 진행된 년 도봉구 일자리 박람회에서 찾아가는 이동상담 프로그램을 운영했다 이번 프로그램은 지역 청년들에게 ,0
126,최민희 비명계 움직이면 제가 당원들과 함께 죽일 것 ,1,제가 당원과 함께 죽일 것 이라며 대한민국 기득권 세력이 똘똘 뭉쳐서 이재명 죽이기 를 하고 있는 형국이라는 것이 제 인식이고 김건희 정권 이 무너지는 조짐이 보인다고 해서 쉽게 물러날 거냐 그렇지 않다고 ,0
127,친명 최민희 비명 움직이면 당원과 내가 죽일 것 이재명 금고형 논 ,0, 일 정치권에 따르면 최민희 의원은 지난 일 서울 광화문 앞에서 진행된 민주당 주도의 김건희 윤석열 국정농단 규탄 특검 촉구 제 차 국민행동의 날 집회 현장에서 친야 유튜브 오마이 등과 만나 이미 일부 ,0
128,최민희 비명계 움직이면 당원들과 함께 죽일 것 ,1,최 의원은 지난 일 서울 광화문에서 진행된 김건희 윤석열 국정농단 규탄 특검 촉구 제 차 국민행동의 날 집회에 참석해 오마이 유튜브에 민주당에 숨죽이던 비명계가 움직이기 시작했다 고 한다 며 이같이 ,0
129,경북에서도 시국선언 안동대 교수 명 윤 대통령 퇴진 촉구,0, 대통령 부인으로 내조만 하겠다던 김건희 여사가 권력을 이용해 국정을 농단하는 작금의 사태를 주역인 김건희 여사에 대한 조건없는 특검 실시와 전쟁 위기 조장 굴종 외교 민생파탄의 책임자인 윤석열 대통령의 ,0
130,김민석 이재명 죽이기로 작심한 판결 국민 차라리 임기단축 목소리 ,0,그러면서 본질적인 문제는 김건희 여사 문제를 정리하는 것이고 그 문제가 정리되지 않으면 국정 정상화가 안 된다 권력이 국정 정상화의 걸림돌 규명을 막고 있기 때문에 국민들의 탄핵 요구가 있고 차라리 임기 ,0
131, 비명계 움직이면 죽인다 친명 최민희 극언 논란 ,0, 일 최 의원은 지난 일 오후 광화문 일대에서 진행된 김건희 윤석열 국정농단 규탄 특검 촉구 제 차 국민행동의 날 집회 현장에서 유튜버들과 만나 민주당에 숨죽이던 비명계가 움직이기 시작했다 고 한다 며 ,0
132,북한 김여정 감기약 삐라 비난 후 쓰레기풍선 올들어 번째 살포,0,당시 쓰레기풍선 속 대남 전단에는 윤석열 대통령 부부를 비난하는 내용이 담겼다 김건희 여사를 사치에 빠진 현대판 마리 앙투아네트 라고 비유하는 등의 원색적 표현을 쓰기도 했다 ,0
133, 김건희 여사 명품백 사건 때 역술가에 저 감옥 가나요 조언 구했다 ,1, 김건희 여사가 지난 년 이른바 조국 사태 당시부터 윤석열 대통령 취임 이후인 작년 월 명품백 수수 사건 당시까지 한 역술가에게 조언을 구했다는 보도가 나왔다 지난 일 한겨례 보도에 따르면 역술가 류씨는 ,0
134, 오늘의 사설 중국 적극 간여 로 북한 제동걸어야 ,0, 신문 사설제목 일 경향신문 이재명은 이재명 김건희 는 김건희 다 이준석의 윤 대통령 전방위 공천개입 폭로 진상 밝혀야 자영업자 울분 터진 배달앱 상생 합의 갈 길 멀다 국민일보 인권 최후보루 ,0
135, 속보 대통령 브라질 도착 정상회의 준비,1,부인 김건희 여사는 이번 순방에 동행하지 않은 가운데 윤 대통령은 이날 오후 리우데자네이루 갈레앙 공군기지에 도착한 뒤 관계자들의 환영을 받고 이동했다 앞서 페루에서 열렸던 아시아태평양경제협력체 ,0
136, 주요 신문 사설 일 조간 ,0, 경향신문 이재명은 이재명 김건희 는 김건희 다 이준석의 윤 대통령 전방위 공천개입 폭로 진상 밝혀야 자영업자 울분 터진 배달앱 상생 합의 갈 길 멀다 국민일보 인권 최후보루 칭송하더니 사법부 ,0
137,아크로비스타 데려간 명태균 김 여사 검찰 서면조사도 인지,0, 김태열 전 미래한국연구소장 내부가 어떤 상황이었었냐 하면 김건희 사모님이 도이치모터스 사건 서면조사 서면조사 대책 회의한다고 만날 입장이 아니었으니까 그런 뒤 할 수 없이 김종인 위원장 사무실을 찾아가 ,0
138,이재명 덮친 허위사실공표죄 윤석열도 피해가기 어렵다,0,그러나 그 이후에도 김건희 씨는 증권사 관계자와의 통화에서 문제의 그 선수에게만 일을 맡기겠다는 의사를 피력했다 여기까지는 배우자 말만 믿고 고의 없이 말했을 공산이 없지 않지만 부산저축은행 수사는 윤석열 ,0
139,민주 특검 관철 비상 행동 비명 김두관 법치 부정 안돼 ,0,더불어민주당은 오늘 김건희 여사 특검법 관철을 위한 차 비상 행동을 선포합니다 이재명 대표의 심 유죄 리포트 더불어민주당 의원들은 오후 시 국회 본관 계단에 모여 김건희 특검법 관철 차 비상행동 선포식 ,0
140, 비명계 움직이면 죽일 것 최민희 극언 논란 ,0,최 의원은 지난 일 오후 광화문 일대에서 진행된 김건희 윤석열 국정농단 규탄 특검 촉구 제 차 국민행동의 날 집회 현장에서 유튜버들과 만나 윤석열 정권을 검찰 독재 정권 이라고 비판했다 최 의원은 어느 날 ,0
141,친한 김종혁 극우 유튜버 왜 타도 한동훈 담화 이끌어내 국 ,1,없이 김건희 여사 손을 잡고 훌쩍 출국해 버렸다면 어떻게 됐을까 라며 보나 마나 윤석열과 김건희 는 놔두고 왜 이재명만 때려잡느냐고 민주당은 악다구니를 썼을 것이고 그런 선전 선동에 민심이 동요 장외집회에 만 ,0
142, 굿모닝오늘 국회 예결위 심사 돌입 민주당 차 비상행동 한동훈 ,0, 더불어민주당이 오늘 저녁 국회에서 김건희 여사 특검법 관철을 위한 차 비상행동 선포식을 엽니다 민주당은 천만인 서명운동 을 진행하고 주말 대규모 규탄대회를 열어 대여 공세를 강화할 방침입니다 ,0
143,추경호 특감 당론 채택에 앞서 물밑 조율 두각,1,국민의힘이 김건희 여사 리스크 대응을 위한 특별감찰관 임명 절차를 만장일치 당론으로 추진하기로 했다 이 과정에서 내홍을 만들지 않기 위한 추경호 국민의힘 원내대표의 물밑 조율이 두각을 드러냈다 일 ,0
144,제주불교 역사 정립 혜달스님 관음사 창건 등 왜곡 사례 발표,0,봉려관불교문화연구원은 창건 연도 등 관음사 창건과 과련된 왜곡 사례를 조명하며 일부 학자들에게 근거 없는 역사 왜곡을 중단하라고 강력히 주장했습니다 김건희 기잡니다 ,0
145, 정치 판결 강력 반발 리더십 이견 없다 ,0,있는데요 민주당은 증거와 법리상 이 대표가 무죄라는 확신은 변함이 없다며 김건희 여사 특검법 관철 예산 심사 등 눈앞의 과제들을 흔들림 없이 해나가겠다고 강조했습니다 영상취재 양현철 영상편집 위원양 ,0
146,검찰 명태균 김건희 여사 대화사진 장 추가 확보,1,이 가운데는 김건희 여사와 나눈 대화 캡처본 장이 포함된 것으로 확인됐습니다 최진석 기자의 이 가운데는 명 씨가 김건희 여사와 나눈 텔레그램 대화 캡처본 장도 포함된 것으로 취재 결과 확인됐습니다 이 ,0
147,공천 바라고 돈 줬나 그 돈은 여론조사에 ,0, 김태열 전 미래한국연구소장 명태균이 공천 시점에 김건희 여사 소개시켜 준다고 데리고 아크로비스타까지 갔어요 근데 가서 만나지를 못했어요 이들이 건넨 돈은 어디로 갔을까요 강혜경 씨는 윤석열 후보를 ,0
148, 장애인이 비장애인과 동등한 권리 보장받는 데 기여 주간경향이 만 ,1,국정농단 의혹의 중심에 있는 김건희 여사가 마포대교를 방문해 지시할 권한이나 자격이 있는지도 것이다 김건희 특검법이나 탄핵 등 여야 극한 대치로 민생이 실종됐다는 비판도 있다 나는 민주당이 참여한 ,0
149,이재명 심 판결에 전면전 불사한 민주 이젠 여론전 고민,0, 김건희 특검법 처리도 안갯속이다 윤석열 대통령이 지난 일 본회의에서 가결된 김건희 특검법에 재의요구권 거부권 을 행사하면 야당은 일 본회의에서 재의결하겠다며 여당 의원의 동참을 촉구해왔다 그러나 이 ,0
150, 단독 명태균 집안사람 창원산단 예정지에 땅 수천평 샀다,1, 김건희 여사 공천 개입 의혹 핵심 인물인 명태균 씨가 지난 일 오전 차 검찰 조사를 받기 위해 경남 창원시 성산구 창원지방검찰청으로 출석해 취재진의 질문을 받고 있다 사진 뉴시스 일 뉴스토마토 가 창원산단 ,0
151, 토마토레터 제 호 두 남매 각자의 신세계 개척 여정에,1,민주당 김건희 특검법 관철 차 비상행동 돌입 트럼프 형사재판 변호인단 줄줄이 법무부 요직 기용 브리핑 민주당 김건희 특검법 관철 차 비상행동 돌입 더불어민주당이 김건희 여사 특검법 관철을 위한 차 ,0
152,이재명 대선행 빨간불 김동연 여의도로 보폭 확대,0,지난 일 기자회견을 열고 윤석열 대통령의 김건희 특검 수용을 촉구하는 등 정치 현안에도 적극적인 목소리를 내고 있다 김 지사가 비명 친문계 세력을 결집하고 있다는 분석도 나온다 김 지사는 이달 초 독일 출장 ,0
153,이재명의 민주당 네 갈래 가시밭길 ,1,함께 김건희 여사특검법 특검법 을 촉구하는 장외집회를 열고 이재명은 결코 죽지 않는다 고 외쳤다 민주당 검찰독재대책위원회는 이날 기자회견을 열어 윤석열 김건희 국정농단으로 인한 정권의 위기 ,0
154,이재명 재판에 강력 반발 위증교사 더 어렵다 ,0,예상되는 김건희 특검법의 재의표결 동력이 저하될 것 등을 우려하고 있다 지난 일 윤 대통령의 대국민 김동연 경기도지사는 지난 일 김건희 특검법 수용을 촉구하는 집회에 처음으로 참석했고 초일회는 오는 월 ,0
155,움직임 빨라지는 비명계 이재명 일극체제 파고드나,0,최근에는 윤 대통령의 퇴진을 공개적으로 거론했으며 지난 일에는 서울 광화문 앞에서 열린 김건희 윤석열 국정농단 규탄 특검 촉구 제 차 국민행동의 날 집회에 참석했다 김 전 총리는 강연 등을 통해 당내 현안과 ,0
156, 이재명 리스크 에 요동치는 정치권 여야 적대적 공생관계 균열,0,국민의힘은 강력한 호재를 만났지만 이 대표를 향한 공세를 강화할수록 윤 대통령과 김건희 여사 리스크가 더 부각되는 역효과를 감수해야 한다 단일대오 민주당 일 선고가 관건 민주당은 일단 단일대오 에 ,0
157,명태균 소개한 자리에 공천 대가 돈 건넨 예비후보 명도 있었다,0,김태열 전 미래한국연구소장은 에 명태균이 공천 시점에 김건희 여사 소개시켜 준다고 데리고 아크로비스타까지 갔어요 근데 가서 만나지를 못했어요 라며 이들 중 한 명을 윤 대통령 부부 자택에 데리고 갔다고 ,0
158, 단독 명태균 창원산단관련 시장과 회동 대외비 문건 보고받은 사실 ,1,검찰은 명 씨가 대선에서 윤 대통령을 지원한 대가로 김건희 여사를 통해 창원 국가산단 선정에 개입하게 민주당 안귀령 대변인은 검찰이 변죽만 울리지 말고 김건희 여사를 수사하라 고 촉구했다 ,0
159, 속보 대통령 페루 마치고 브라질로 출발,1,부인 김건희 여사가 이번 순방에 동행하지 않은 가운데 윤 대통령은 정상회의가 열리는 브라질 리우데자네이루에 도착 이후 일 브라질이 중점 성과로 추진 중인 글로벌 기아 빈곤 퇴치 연합 출범식에 ,0
160,민주 오늘 김 여사 특검법 관철 차 비상행동 선포식,0, 월을 김건희 여사 특검의 달 로 규정한 더불어민주당이 특검법 관철을 위한 차 비상행동에 나섭니다 더불어민주당은 오늘 일 오후 시 국회 본관 계단에서 김건희 특검법 관철 민주당 국회의원 차 비상행동 선포식 ,0
161, 이재명은 죽지 않는다 초강경투쟁 나서는 ,1,이 대표는 심 선고 하루 뒤인 일 서울 광화문에서 개최된 김건희 윤석열 국정농단 규탄 및 특검 촉구 민주당은 일 김건희 특검법 관철을 위한 차 비상행동 에 돌입해 국회 내 농성도 이어간다 농성은 윤 ,0
162,비명계 잠룡들 암중모색 ,0,김동연 경기지사는 일 서울 광화문 앞에서 열린 김건희 윤석열 국정농단 규탄 특검 촉구 국민행동의 날 집회에 처음 참석했다 집회 종료 후엔 페이스북에 나라의 앞길이 걱정이다 끝까지 함께하겠다 고 ,0
163, 사설 이재명 판결에 사생결단 정국 국정 민생 실종 안 된다,0,도이치모터스 주가조작 사건 무혐의 등 김건희 여사를 굳이 거론하지 않더라도 윤 대통령은 대장동 사건의 핵심피고인 김만배씨와 개인적 친분이 없다 는 취지로 말했다가 허위사실 공표로 고발되는 등 건이 모두 ,0
164, 사설 민주당은 범죄자 이재명을 당장 출당시키라,0,더구나 이 대표는 역공을 취하기 위해 일 일에 이어 일 김건희 여사 특검 을 내걸고 정부 규탄 장외집회를 가졌다 거기에 더해 경찰이 정당한 집회에 폭력을 행사했다 주장하고 행정안전위원회에서 예산을 ,0
165, 독자위원회 언론 대선 예측 빗나가 여론조사 문제점과 한계 분석 ,0,이런 부분들을 기사에서 자세히 짚었다면 결국 윤 대통령의 행위보다 김건희 여사의 국정 개입 여부가 문제의 핵심이라는 시사점을 줄 수 있었을 것입니다 최은봉 위원 한강 작가의 노벨 문학상 수상과 관련해 월 ,0
166, 스트레이트 정권 한 달 안에 무너진다 큰소리치던 명태균은 왜 ,1,국회는 세 번째 김건희 여사 특검법 을 통과시켰다 윤 대통령은 이번에도 거부권을 행사할 것으로 보인다 탐사기획 스트레이트 는 매주 일요일 저녁 시 분에 방송된다 ,0
167,창원지검 대선 여론조사 조작 대가성 혐의 수사,0,명태균 씨가 김건희 여사로부터 돈을 받았다 고 진술하면서 이에 대한 신빙성 여부를 입증할 수 있을지 관건이지만 공천개입 정황이 한층 짙어지는 모양새다 이 돈은 돈봉투로 지난 년 월 전달된 것이라고 명씨가 ,0
168, 이재명은 죽지 않는다 민주당 장외 공세,0,도로에서 김건희 윤석열 국정농단 규탄 특검 촉구 제 차 국민행동의 날 집회를 개최했다 일 오후 서울 종로구 광화문 일대에서 김건희 특검 수용 국정농단 규명 윤석열을 거부한다 시민행진 집회가 진행되고 ,0
169,추경호 친한 친윤 물밑 중재 단일대오 끌어내,0,최소화하고 김건희 여사 특검법 반대 라는 당의 단일대오를 끌어내는 데 공을 들인 것으로 알려졌다 추 친윤계 중진은 물론 특별감찰관 반대 의사를 밝힌 의원들을 따로 접촉해 김건희 여사 특검법 저지 등도 당론으로 ,0
170,검찰 명태균 김건희 여사 대화사진 장 추가 확보,1,이 가운데는 김건희 여사와 나눈 대화 캡처본 장이 포함된 것으로 확인됐습니다 최진석 기자의 보돕니다 이 가운데는 명 씨가 김건희 여사와 나눈 텔레그램 대화 캡처본 장도 포함된 것으로 취재 결과 ,0
171,박장범 사장 후보 김건희 여사와 소통한 적 없어 ,1,지난 월 윤석열 대통령과의 신년대담을 진행하면서 김건희 여사가 받은 명품백을 파우치 외국 회사 조그마한 백 이라고 한 것에 대해선 문제가 없다는 입장을 고수했다 박 후보자는 일 국회 ,0
172,김여정 대북전단에 격분 북 또 오물 풍선 살포할 듯,0,북한은 지난달 일 윤석열 대통령과 김건희 여사를 비난하는 내용의 전단이 담긴 풍선을 보냈다 북한의 오물 풍선 살포에 남한은 남북군사합의 전체 효력 정지 대북 확성기 방송 전면 실시로 맞섰다 지난달 평양 ,0
173,검찰 대통령 부부 공천개입 의혹 수사 성패 가를 운명의 주,1,향후 검찰의 칼끝은 윤 대통령과 김건희 여사의 공천개입 의혹과 명씨의 여론조사 결과 조작 의혹 등으로 향할 것으로 보인다 일 검찰 등에 따르면 창원지검 수사팀 팀장 이지형 차장검사 은 명씨에 대한 구속영장을 ,0
174,이재명 유죄 파장 죽지 않는다 지만 리스크 첩첩산중 ,1, 차 관문도 못 넘어 위기 김건희 특검 동력 약화 우려 민주당 변함없는 단일대오 여론 따라 하지만 야권에서는 이 대표의 사법 리스크가 현실화된 만큼 윤석열 대통령 부부 공천개입 의혹 김건희 여사 관련 ,0
175,극비였던 김 여사 검찰 서면조사 명태균은 미리 알았다 ,0,윤석열 대통령 부부 공천개입 의혹의 핵심 인물인 명태균씨가 지난 대선 당시 김건희 여사가 도이치모터스 주가조작 의혹 관련 검찰 서면조사 대책회의를 한다는 사실도 알고 있었다는 의혹이 일 제기됐다 해당 ,0
176,포항시장 공천 경선 논란 재점화,0,대통령과 김건희 여사를 포항시장 공천 한복판으로 끌여들였다는 점에서 그 파장이 간단치는 않을 전망이다 예비후보가 김건희 여사와 가깝다는 이유로 공천을 받을 거라고 하고 다닌다는 정보가 들어와 확인하기 위해 ,0
177, 스트레이트 명태균 게이트 여론조사 조작 의혹의 실체,1,한 김영선 전 의원 공천 의혹과 또 다른 공천개입 의혹 국회는 세 번째 김건희 여사 특검법 을 통과시켰다 윤 대통령은 이번에도 거부권을 행사할 것으로 보인다 탐사기획 스트레이트 는 일 오후 시 분에 방송된다 ,0
178,울산서도 김건희 특검 촉구 목소리,0, 울산시민들도 분노하실 줄은 알았지만 이 정도일 줄을 몰랐습니다 지난 일부터 김건희 특검 촉구 다르다 며 김건희 여사의 주가조작 불기소에 이어 명태균 녹음 파일로 드러난 온갖 불법 국정농단 의혹으로 ,0
179,유명 역술가 김건희 여사 명품백 사건 때 저 감옥 가나요 물어 ,1,윤석열 대통령 부인인 김건희 여사가 년 조국 사태 때부터 윤 대통령 취임 이후인 작년 연말 명품백 역술가 류 모 씨는 일 이 잡지와의 인터뷰에서 공적으로 중요한 정치적 고비마다 김건희 여사가 의견을 ,0
180, 박장범 사장 후보 내일부터 인사청문회 파우치 용어 사용 가능 ,0,지난 월 윤석열 대통령과의 대담에서 김건희 여사가 받은 디올백을 조그마한 파우치 라고 불러 논란이 된 박장범 사장 후보자가 파우치나 백 모두 가방을 지칭하는 용어로 둘 다 사용 가능하다 고 주장했습니다 박 ,0
181, 정치 판결 민주당 긴급 회견 이재명 리더십 이견 없다 ,0,있는데요 민주당은 증거와 법리상 이 대표가 무죄라는 확신은 변함이 없다며 김건희 여사 특검법 관철 예산 심사 등 눈앞의 과제들을 흔들림 없이 해나가겠다고 강조했습니다 영상취재 양현철 영상편집 위원양 ,0
182, 단독 예비후보자 건넨 돈 윤 후보 여론조사에 윤 캠프 정조준할까 ,0, 김태열 전 미래한국연구소장 명태균이 공천 시점에 김건희 여사 소개시켜 준다고 데리고 아크로비스타까지 갔어요 근데 가서 만나지를 못했어요 이들이 건넨 돈은 어디로 갔을까요 강혜경 씨는 윤석열 후보를 ,0
183,여론조사 조작 산단 선정 개입 산적한 의혹 수사 속도,0, 김건희 여사가 명 씨에게 전달한 돈봉투 사진도 확보했습니다 명 씨가 김 전 의원의 공천을 받는 대가로 무엇을 제공했는지 수사가 본격화 될 것으로 보입니다 윤석열 대통령에 대한 여론조사를 하는 과정에서 조작한 ,0
184, 사설 이재명 유죄 에 곤혹스런 민주당,0, 김건희 여사 리스크 에 자중지란으로 흔들리던 국민의힘은 기회를 얻은 듯 공세의 수위를 높였고 국정감사에서 대통령실과 정부를 맹공하던 민주당은 당혹감을 감추지 못하고 있다 심일 뿐이고 앞으로 고법과 ,0
185, 사설 이재명은 이재명 김건희 는 김건희 다,0,이 대표와 민주당은 즉각 항소 의사를 밝히며 당의 총력 대응을 예고한 반면 국민의힘은 김건희 여사 여당은 대다수 국민이 찬성하는 김건희 특검법을 막고 강제수사권도 없는 특별감찰관으로 이 국가적 혼돈을 비켜갈 ,0
186,여 사필귀정 야 정적 말살 이재명 판결 반응 극과 극,1,앞에서 김건희 윤석열 국정농단 규탄 특검 촉구 제 차 국민 행동의 날 집회를 열었다 주최 측 추산 만여명 경찰 추산 만여명 이 참여했다 이들은 윤석열을 거부한다 김건희 를 특검하라 가 적힌 피켓이나 촛불 ,0
187,이준석 포항시장 선거 개입설 폭로 지역 정가 갑론을박,0,둘째 문충운 당시 예비후보가 김건희 여사와의 친분을 과시하며 본인 공천을 받을 것이라고 말하고 다닌다고 해 이를 김 여사와 만나 사실관계를 따졌다는 것 셋째 이강덕 시장이 경쟁력지수 컷오프에 반발해 재심을 ,0
188, 도이치 대책 회의하느라 난리야 명태균에겐 공유된 김건희 기밀,1,명태균 씨는 지난 지방선거 당시 김건희 여사에게 소개해 주겠다며 한 예비 후보를 윤석열 대통령 부부가 김태열 전 미래한국연구소장 내부가 어떤 상황이었었냐 하면 김건희 사모님이 도이치모터스 사건 서면조사 ,0
189,민주당 전북특별자치도당 이재명 심 판결에 재판부의 이번 판결 깊은 ,1,국민 상식에 반하는 것으로 명백한 정치적 판결 이라고 주장했다 그러면서 이번 판결을 계기로 도민과 함께 김건희 윤석열 특검법과 정권교체를 위해 모든 힘을 결집할 것 이라고 강조했다 서울 김윤정 기자 서울 ,0
190, 사설 이재명 심 판결에 과도한 정략적 대응 자제해야,0,윤석열 대통령과 김건희 여사 관련 의혹 등으로 수세에 몰린 상황에서 이 대표 사법리스크를 앞세워 정국 일 민주당이 개최한 김건희 윤석열 국정농단 규탄 특검 촉구 차 집회에선 미친 정권에 미친 판결 ,0
191, 엉터리 재판이다 사법정의는 죽었다 비판,1,정 의원은 이재명 대표님에 대한 핍박이 언제나 끝날까요 라며 하늘이 무너져도 솟아날 구멍이 있듯 정신 바짝 차리고 김건희 윤석열 정권을 무너뜨리고 이재명 대통령 만드는 길을 담대하게 나아가겠습니다 고 ,0
192,한동훈 오버 않고 민생 챙기겠다 중 수 청 행보로 차별화 이재 ,0,한 대표가 그동안 김건희 리스크 를 해소하고 민주당 공세에 맞대응하는 데 집중했다면 이 대표 심 김건희 라인 교체 등 자신의 쇄신 요구에 대한 대통령실의 후속조치도 예의주시하고 있다 다만 한 대표는 ,0
193,민주 특검 탄핵 공세에 국힘 법정구속 맞불,0,민주당 검찰독재대책위원회는 일 긴급 기자회견을 열고 윤석열 김건희 국정농단으로 인한 정권의 위기 이재명 대표는 전날 서울 광화문 일대에서 열린 김건희 윤석열 국정농단 규탄 특검 촉구 제 차 국민행동의 ,0
194,이재명 공선법 징역형에 정치권 시계 제로,0, 일 오후 서울 종로구 광화문 일대에서 김건희 특검 수용 국정농단 규명 윤석열을 거부한다 시민행진 김건희 특검법과 이재명 대표의 재판을 둘러싼 여야의 갈등은 더욱 격화할 것으로 예상된다 일 정치권에 ,0
195,민주 치졸한 정치공작에 야합한 판결 당 적극대응 검토 ,0,당 검찰독재대책위원회 검독위 는 기자회견을 열어 윤석열 김건희 국정농단으로 인한 정권의 위기 상황을 오직 이재명이라는 정적 제거와 제 야당인 민주당 탄압을 통해 모면하려는 치졸한 공작에 야합한 정치판결 ,0
196,제주불교 역사 정립 혜달스님 관음사 창건 등 왜곡 사례 발표,0,이어 제주대 허남춘교수를 좌장으로 동국대 전임연구원 법진스님 동국대 이석환교수와 순천대 탁효정교수가 참여한 토론을 끝으로 세미나는 마무리됐습니다 뉴스 김건희 입니다 ,0
197, 손해보험 또 한국전력 잡았다 비예나 점 시즌 승째,1,이번 경기에선 미들블로커 전진선 아웃사이드 히터 임성진 세터 야마토 나카노 등록명 야마토 미들블로커 신영석 아웃사이드 히터 서재덕 아웃사이드 히터 구교혁 리베로 김건희 로 선발 명단을 짰다 구교혁이 ,0
198,이재명 유죄에 부산도 공방 여 상식적 야 정치적 ,0,그러면서 부산의 각 지역위원회는 다음 날인 일 서울에서 진행된 세 번째 김건희 윤석열 국정농단 규탄 특검 촉구 국민행동의 날 집회에 참석 부당한 판결임을 강조하고 나섰다 사하을 지역위원장인 이재성 ,0
199, 사설 이준석의 윤 대통령 전방위 공천 개입 폭로 진상 밝혀야,0,윤 대통령 부부의 공천개입 의혹 전반으로 수사를 확대할 수밖에 없게 됐다 이제 윤 대통령이 의혹의 중심에 섰다 그런데도 김건희 특검 을 거부한다면 자기 수사를 막기 위한 거부권 남용이라고 볼 수밖에 없다 ,0
200,정치권 덮친 통화 녹음 공포증 유레카 ,0,통화 녹음으로 가장 크게 유명세 를 치른 인물은 김건희 여사일 것이다 그는 년 월부터 개월 동안 서울의 소리 기자와 차례에 걸쳐 시간 넘게 통화한 녹취록이 공개되며 곤욕을 치렀다 최근엔 ,0
201,이재명 심 판결후 김동연 첫 집회 참석 김부겸은 비명 만난다,0,김동연 경기지사는 일 서울 광화문 앞에서 열린 김건희 윤석열 국정농단 규탄 특검 촉구 제 차 국민행동의 날 집회에 참석했다 김 지사가 관련 장외집회에 참석한 것은 처음이다 그는 집회 종료 후 페이스북에 ,0
202,이재명 죽지 않는다 민주당은 격앙 비명계는 몸풀기 ,0, 김건희 여사 특별검사법 수용을 촉구하고 윤석열 정부를 규탄하기 위해 야 당이 공동 주최하는 성격이었지만 민주당도 김건희 특검 정국에 집중하면서 검찰 특별활동비를 포함해 정부의 깜깜이 예산을 꼼꼼하게 ,0
203, 예비비 의료개혁 예산까지 대폭 삭감,0,정신건강 지원을 위한 전 국민 마음투자 지원 사업 예산도 김건희 예산 으로 규정돼 억 만원 감액됐다 자살 예방 등을 위해 정신건강에 문제가 있는 국민에게 심리상담 서비스를 제공하는 정부 사업이다 ,0
204, 서울 변두리에서 대한민국 중심으로 김동연 경기도 존재감 키우기 ,1,김 지사는 윤 대통령에게 김건희 특검법 수용을 받아들이지 않을 시엔 스스로 물러날 것을 촉구 등 압박하고 있다 김경수 전 경남도지사를 독일에서 만나는 등 당내에서 소외돼 흩어진 비명 비이재명 계를 결집시키고 ,0
205,보수 환호 진보 반발 이재명 첫 선고 에 좌우로 갈라지는 대한민국,1, 일 정치권 법조계 등에 따르면 민주당은 지난 일 광화문 광장에서 김건희 윤석열 국정농단 규탄 및 윤석열 김건희 명태 명태균 등으로 바뀐 것 같다 고 말했다 같은날 민주당 집회 현장에서 여 떨어진 ,0
206,최민희 비명계 움직이면 죽일 것 극언 논란,0,최민희 민주당 의원은 일 오후 서울 광화문 일대에서 진행된 민주당의 김건희 윤석열 국정농단 규탄 특검 촉구 제 차 국민행동의 날 집회 현장에서 유튜버들과 만나 사법부를 맹비난하면서도 어떤 판결이 나오느냐가 ,0
207, 의원직 상실형 이재명 최대 위기 정치권 파장과 의 대응책은,0,이 대표와 민주당은 특히 김건희 특검법과 검사 탄핵 등에 속도를 낼 것으로 점쳐진다 특검법 폐기에 대한 민주당은 김건희 특검법 에 대해 윤석열 대통령이 거부권을 행사하면 일 본회의에서재의결한다는 방침도 ,0
208,김여정 초코파이 든 대북전단에 대가 치르게 될 것 경고,1,이미 지난 월 일부터 지난달 일까지 차례 풍선을 날려보냈고 특히마지막에 보낸 전단엔 윤석열 대통령과 김건희 여사를 비난하는 내용이 담겼다 그전까지 북한은 퇴비 담배꽁초 종이 비닐 플라스틱 병 등을 ,0
209,민주당 명태균 김건희 극비 검찰조사도 알아 수사 불가피 ,1,더불어민주당은 일 명태균씨가 지난 대선 당시 김건희 여사가 도이치모터스 주가조작 의혹 관련 검찰 안귀령 민주당 대변인은 이날 국회 소통관 브리핑에서 김건희 여사가 서면조사를 받았다는 사실은 년 ,0
210, 민주 장외 집회 이재명 위증교사 재판 압박 행사하려는 의도 ,0,국민의힘이 더불어민주당의 윤석열 대통령 부부 국정농단 규탄 김건희 여사 특검 촉구 장외 집회를 사법부 겁박 이라고 비판했다 김연주 대변인은 일 논평을 내고 위증교사 재판에 압박을 행사하려는 의도 라며 ,0
211,민주 이재명 심 검찰 왜곡 날조 의한 정치판결 심각한 오판 ,0,그러면서 검독위는 재판부는 년 전 대선 과정에서 했던 말 한두 마디를 비틀고 취사 선택해 판결함으로써 윤석열 정권을 견제할 유일한 대안인 제 야당 대표의 정치생명에 심대한 타격을 줬다 며 윤석열 김건희 ,0
212, 신문 개 야당 탄핵 국회의원 연대 출범 정권 끝장 관심,1,이어 윤석열의 무능하고 독단적인 행태에 단호히 맞서 김건희 특검법을 국회에서 통과시켜 기어이 법의 심판대에 세울 것이라고 선언문은 강조했다 고 했다 매체는 민주당 대표 이재명 의원 를 제외한 당 소속 의원들은 ,0
213,민주 일부터 김건희 특검법 관철 차 비상행동,0, 월을 김건희 여사 특검의 달 로 규정한 더불어민주당이 특검법 관철을 위한 차 비상행동에 나선다 민주당은 일 오후 시 국회 본관 계단에서 김건희 특검법 관철 민주당 국회의원 차 비상행동 선포식 을 ,0
214, 김건희 명품백 사건 때 역술가에 저 감옥 가나요 물어 ,1,한겨레 보도 년 조국 사태 년 추미애 갈등 때도 조언 윤석열 대통령 영부인인 김건희 전 역술가 류모 씨는 지난 일 이 잡지와의 인터뷰에서 공적으로 중요한 정치적 고비마다 김건희 여사가 의견을 ,0
215,김동연 경기도지사 거리 집회 첫 동참 윤 대통령 공세 강화,0,김동연 경기도지사가 윤석열 대통령 부인 김건희 여사 등에 대한 특검법 수용을 촉구하는 거리 집회에 동참했다 김동연 경기도지사는 일 오후 자신의 페이스북에 광화문 집회에 참석했습니다 라는 글을 올렸다 김 ,0
216,민주 치졸한 정치공작에 야합한 판결 당 적극대응 검토 종합 ,0,당 검찰독재대책위원회 검독위 는 기자회견을 열어 윤석열 김건희 국정농단으로 인한 정권의 위기 상황을 오직 이재명이라는 정적 제거와 제 야당인 민주당 탄압을 통해 모면하려는 치졸한 공작에 야합한 정치판결 ,0
217,반전 계기 잡은 국민의힘 한동훈 변화 쇄신하고 민생 챙기겠다 ,1,여권은 그간 김건희 여사 문제와 명태균 사태 등으로 야당의 전방위 공세에 고전을 면치 못했고 대응책을 특히 대통령 친인척을 감찰하는 특별감찰관 국회 추천에 뜻을 모으면서 야당의 김건희 특검법 공세에 ,0
218, 사법리스크 현실화 목소리 커지는 대권주자 한 오 홍,0,최근 여권이 김건희 여사 문제로 곤욕을 치르자 박형준 부산시장 나경원 권영세 김기현 의원 등과 함께 공동 입장문을 내 중재자 역할을 도맡아 했다 홍 시장도 일 나경원 의원이 만든 연구단체인 인구와 기후 ,0
219, 대권가도 급브레이크 이재명 당 기반 확고 대여공세 강화,0, 사진 연합뉴스 김건희 여사 리스크 에 따른 윤석열 정부의 최악 지지율 속에 대권가도를 달리던 이재명 이재명 더불어민주당 대표가 일 오후 서울 광화문광장 인근에서 열린 김건희 윤석열 국정농단 규탄 ,0
220,민주 내일부터 김건희 특검법 관철 차 비상행동 대여 공세 고삐,0, 월을 김건희 여사 특검의 달 로 규정한 더불어민주당이 특검법 관철을 위한 차 비상행동에 나선다 민주당은 일 오후 시 국회 본관 계단에서 김건희 특검법 관철 민주당 국회의원 차 비상행동 선포식 을 ,0
221,윤석열 대통령의 대 개혁 정신승리 아침햇발 ,0,국민의힘 공천 개입 정황이 담긴 대통령의 육성 녹음이 나오고 김건희 여사에 대한 특검 요구가 커질수록 의료 연금 노동 교육 등 대 개혁 추진 의지가 마치 정국돌파용 수단인 양 전파됐다 윤 대통령은 새마을운동을 ,0
222,여야 이재명 공직선거법 위반 심 유죄 놓고 대치,0,반면 민주당은 미친정권에 미친 판결 이라고 강력하게 규탄하면서 김건희 특검을 강하게 요구했다 반면 민주당은 주말장외 집회를 통해 이 대표 판결 부당성과 윤석열 김건희 특검에 초점을 맞췄다 유죄판결 당사자인 ,0
223, 단독 용산 김영선 엇갈리는 주장 김 윤 이준석에 명태균 내가 소 ,1,윤 대통령이 년 월 일 명씨와의 통화에서 김 전 의원 공천을 언급한 육성이 공개된 데 이어 명씨가 김건희 여사로부터 두 차례 돈을 받았다 고 진술하는 등 공천 개입 정황이 한층 짙어진 상황이다 창원지검은 ,0
224, 이재명 유죄 호재 두고 집안싸움 친한 친윤 당원 게시판 갈등,0,친한계는 김건희 여사 리스크를 구조적 으로 방지하기 위해 특별감찰관을 선제적으로 임명해야 한다는 입장이지만 친윤계 등은 야당의 북한인권재단 이사 추천과 연계하는 게 사실상 당론이었다며 반대했다 이견에도 ,0
225, 포토 한국전력 김건희 아 놓쳤다 ,0,한국전력 리베로 김건희 가 일 수원체육관에서 열린 리그 손해보험과 경기에서 리시브를 실패하고 있다 수원 |,0
226,이재명 사법리스크 현실화 심 선고 파장,0,재판 결과와는 별개로 민주당은 당분간 윤석열 대통령과 김건희 여사를 둘러싼 각종 의혹에 대한 공세를 강화하는 방식으로 사법리스크에 대응한다는 방침이다 민주당은 김건희 특검법 수정안 폐기에 따른 대비책으로 ,0
227, 나라 앞날이 걱정 사법부 판단 유감 행보 넓히는 김동연,1,김 지사는 전날인 일 서울 광화문 광장 인근에서 열린 윤석열 대통령 퇴진 김건희 여사 특검 도입 촉구 집회에 참석했다 시민단체 주최로 오후 시 분쯤 부터 열린 집회에는 주최 측 추산 만여명이 참석했다 김 ,0
228,박장범 사장 후보 김건희 여사와 소통한 적 없어 ,1,지난 월 윤석열 대통령과의 신년대담을 진행하면서 김건희 여사가 받은 명품백을 파우치 외국 회사 조그마한 백 이라고 한 것에 대해선 문제가 없다는 입장을 고수했다 박 후보자는 일 국회 ,0
229,똘똘 뭉친 우왕좌왕 이재명 유죄에 김건희 특검법 휘청,0,이재명 더불어민주당 대표의 사법 리스크가 현실화하면서 김건희 특검법 동력이 크게 떨어진 것 아니냐는 민주당은 정부 여당에 흠집을 내며 김건희 특검법 재통과에 만전을 기하고 있다 강유정 민주당 원내대변인은 ,0
230,허성무 의원 비경제부처 상대 송곳 질문 주목 받아,1,최근 윤 대통령이 골프연습 재개가 트러프 당선 확전 이전인 지난 월부터 있었다는 보도와 관련하여 허 의원은 윤 대통령의 골프연습 재재가 김건희 여사 문제로 바람쐬기 목적은 아니었는지 청와대경호처 ,0
231,박지원 개각 앞두고 트럼프처럼 도 충성분자 인사 풍문 ,1, 주술 트럼프 따라하기에 나라 망한다 김건희 특검만이 정국 푸는 길 윤석열 대통령이 연말 일부 개각 박 의원은 김건희 특검만이 정국을 푸는 길 이라며 한동훈 대표에게 실날같은 기대를 이라고 여권 내분을 ,0
232, 이재명 체제 유지하나 질문에 민주당 흔들림 없다 ,0, 이재명 더불어민주당 대표가 일 오후 서울 종로구 광화문 북측광장 앞에서 더불어민주당 주최로 열린 김건희 윤석열 국정농단 규탄 특검 촉구 제 차 국민행동의 날 에 참석해 발언을 하고 있다 유성호 이재명 ,0
233,추경호 단일대오 조용한 조율 친한 친윤 물밑 중재 주목,1,최소화하고 김건희 여사 특검법 반대 라는 당의 단일대오를 끌어내는 데 공을 들인 것으로 알려졌다 추 원내 관계자는 추 원내대표가 친윤계 중진은 물론 특별감찰관 반대 의사를 밝힌 의원들을 따로 접촉해 김건희 ,0
234,명태균 전화 분 후 이준석에 김영선 전략공천 문자,0,또한 명태균은 검찰에서 김건희 여사로부터 교통비 명목으로 두 차례 돈봉투를 받았다고 진술했는데 이 돈의 성격을 규명하는 수사도 이어져야 할 것으로 보인다 아울러 이준석 당시 국민의힘 대표 역시 윤석열 ,0
235, 기자 명이 반대한 박장범 권력 아부 비판에 동의 못 해 ,0,지난 월 대통령 특별대담에서 김건희 여사가 받은 명품백을 파우치 외국회사의 조그마한 백 이라고 김건희 여사를 사적으로 만난 적 있느냐 는 질문에는 없다 고 했다 한편 오는 일 이틀간 한국방송 ,0
236,새민주 이재명당 폭력유발 우려 위증교사 선고 생중계해야 ,0, 일 정치권에 따르면 전병헌 새민주당 대표는 민주당이 윤석열 대통령 탄핵을 주장해온 군소야당 등과 연합해 서울 광화문에서 집회를 연 일 페이스북을 통해 김건희 여사 등에 대한 특검 수용촉구 집회 라지만 차 ,0
237,진보당 촛불 든 국민들 판사 겁박 무력시위 라 폄훼 ,0,제목은 김건희 특검 수용 국정농단 규명 윤석열을 거부한다 시민행동 이다 라고 강조했다 그러면서 아무리 다급해도 손바닥으로 하늘을 가릴 수는 없는 노릇이다 보고 싶지 않고 듣고 싶지 않아도 김건희 특검 ,0
238, 단독 명태균 대선 때 김건희 검찰 서면조사 대책회의도 알았다 ,0,윤석열 대통령 부부 공천개입 의혹 핵심인물인 명태균씨가 지난 대선 당시 김건희 여사가 도이치모터스 그는 지난 일 라디오에서 명씨가 지방선거 예비후보자 한 두세 분 정도는 서울로 데리고 와서 김건희 ,0
239,김여정 대북전단 공개 대가를 치르게 될 것 차 오물 풍선 예고,0,북한은 지난달 일 윤석열 대통령과 김건희 여사를 비난하는 내용의 전단이 담긴 풍선을 보냈다 그전까지 북한은 퇴비 담배꽁초 차 살포 나 종이 비닐 플라스틱 병 차 차 살포 을 보내왔다 북한의 오물 풍선 ,0
240,민주 야당 대표라 기억도 죄 묻나 폭정 맞서 싸울 것 ,0,이날 서면브리핑은 민주당이 지난 일 서울 종로구 광화문 광장에서 김건희 윤석열 국정농단 규탄 특검 촉구 차 국민행동의 날 집회를 연 것에 대한 설명이다 이는 민주당이 공직선거법 위반 혐의로 심에서 징역 년 ,0
241, 확 다 불어버릴까 그리고 닫힌 입 명태균 게이트 어디로 ,1,국회는 세 번째 김건희 여사 특검법 을 통과시켰다 윤 대통령은 이번에도 거부권을 행사할 것으로 보인다 한편 탐사기획 스트레이트 는 오늘 오후 시 분에 방송한다 노컷뉴스는 여러분의 제보로 함께 ,0
242, 고하승 칼럼 이재명 월 위기설 이제 겨우 시작이다,0,선고 다음 날 민주당이 서울 광화문에서 세 번째 김건희 윤석열 국정농단 규탄 특검 촉구 국민행동의 날 집회를 열었으나 참여 인원은 그다지 많이 늘지 않았다 실제로 민주당은 집회 참석 인원을 만 명이라고 ,0
243,용산 인적쇄신 칼바람 예고에 행정관급 어공 들 긴장,0,용산이 김건희 여사 직속 라인으로 지목됐던 한남동 인회 등 비선 논란을 의식해 어공 어쩌다 공무원 특히 그간 용산발 논란의 축이 된 익명 참모진발 언론 메시지 김건희 인회 논란 등과 맞물려 대통령실 ,0
244, 스트레이트 확 다 불어버릴까 그리고 닫힌 입 명태균 게이트 는 ,1,국회는 세 번째 김건희 여사 특검법 을 통과시켰다 윤 대통령은 이번에도 거부권을 행사할 것으로 보인다 한편 탐사기획 스트레이트 는 오늘 일 저녁 시 분 방송된다 ,0
245, 이재명 방탄 민주당은 항상 민생이 최우선이었다 주간경향이 ,0,국정농단 의혹의 중심에 있는 김건희 여사가 마포대교를 방문해 지시할 권한이나 자격이 있는지도 것이다 김건희 특검법이나 탄핵 등 여야 극한 대치로 민생이 실종됐다는 비판도 있다 나는 민주당이 참여한 ,0
246,홍준표 오죽하면 민주당 손 잡으시라 윤 그 조언 들어야 산다,0,특히 김건희 여사 문제를 강하게 지적했습니다 하지만 윤석열 대통령은 언론의 비판에 별로 신경을 쓰지 김건희 여사 때문에 지지율이 떨어진 것은 맞지만 지엽적인 문제 라고 했습니다 김건희 여사보다 민생 ,0
247,사법리스크 차관문 통과 실패한 이재명 윤석열 향한 공세도 타격 불가 ,0,민주당은 김건희 특검법안 통과를 촉구하며 대여공세를 강화하고 있는데 구심점이자 유력한 차기 대선주자인 이 대표의 사법리스크가 구체화되면서 정치적 타격이 불가피해 보인다 일 정치권에 따르면 이재명 민주당 ,0
248, 정적 죽이기에 올인한 대통령과 이에 동조한 정치판결로 민심을 거스를 ,1,한 대변인은 어떻게든 윤석열 대통령과 김건희 여사로 인해 터져 나오는 국정농단 선거개입 의혹을 제 야당 이재명 대표 한 사람을 제물 삼아 틀어막겠다는 것 이라며 년 민주화 이후 대통령선거가 끝나고 패배를 한 ,0
249, 지난 년 반 동안 윤석열 대통령 국정 보며 무력감과 박탈감 느꼈다 ,1,빗속 열린 집회서 모인 시민들 대통령에 김건희 특검법 수용 촉구 서울 도심에서 윤석열 대통령 퇴진과 김건희 특검 도입을 촉구하는 대규모 집회가 열렸다 시민사회단체로 구성된 거부권을 거부하는 전국비상행동 ,0
250, 가장 쉽다 던 재판에서 최악의 결과 이재명에게 반전이 있을까 ,0,최은순 건과 김건희 건은 윤석열이 몰랐다고 잡아떼면 처벌하기 쉽지 않을 수도 있다 이재명 수준으로 털면 윤우진 건은 선거법 위반이 될 가능성이 크다 윤석열은 현직 대통령이라 당장 형사 소추를 받지는 않지만 공소 ,0
251,폭우 뚫고 더 크게 타오른 촛불 윤석열 파면 김건희 특검 ,0, 일 김건희 특검 수용 국정 농단 규명 윤석열을 거부한다 시민행진이 그랬다 참석자들 모두가 이재명 편씨는 대통령은 윤석열이를 뽑았는데 왜 김건희 가 대통령 노릇을 하냐고 숨 쉬는 거 말고는 죄다 ,0
252, 윤석열 김건희 규탄 시민행진에 모인 인파,0, 일 오후 서울 종로구 광화문 앞에서 윤석열을 거부한다 시민행진 이 열리고 있다 ,0
253,조국 국민의 마음 모아달라 정당들도 따를 것 ,1,광화문에서 김건희 특검 수용 국정농단 규명 윤석열을 거부한다 시민행진 을 개최했다 사진 통일뉴스 김래곤 통신원 전국비상행동이 주최한 시민행진에는 야 당이 동참했다 사진 통일뉴스 김치관 기자 김건희 ,0
254, 이로운넷현장스케치 빗속에서 광화문 메운 김건희 윤석열 국정농단 ,1,이로운넷 조은결 기자 일 서울 종로구 광화문 일대가 윤석열 대통령 규탄 집회 참가자들로 가득 찼다 주 연속으로 진행된 더불어민주당의 제 차 국민 행동의 날 장외집회는 이날 조국혁신당 진보당 기본소득당 ,0
255, 이로운넷현장 이재명 나는 결코 죽지 않는다 광화문 가득 채운 목 ,1,기자 김건희 특검으로 수사하라 국민의힘도 공범이다 입만 열면 거짓말 윤 대통령 규탄한다 포근한 박 원내대표는 윤석열 대통령과 김건희 여사를 겨냥해 스스로 떳떳하다면 특검을 거부할 이유가 없다 고 ,0
256, 김건희 특검 국정농단 진상규명 거부말라 야당 시민단체 도심 행진,0,일대에서 김건희 특검 수용 국정농단 규명 윤석열을 거부한다 시민행진 을 개최했다 이날 행진에는 앞서 같은 장소에서 김건희 윤석열 국정농단 규탄 특검 촉구 차 국민행동의 날 집회를 마친 더불어민주당과 ,0
257,민주 검찰독재정권 정적 제거에 사법부가 부역 ,1,시민들은 김건희 특검 과 윤석열 대통령에 대한 불신의 함성을 쏟아냈다 민주당은 일 오후 시 분부터 서울 종로구 광화문광장 인근에서 김건희 윤석열 국정농단 규탄 특검 촉구 제 차 국민행동의 날 행사를 ,0
258, 난 안 죽어 우리가 주인 유죄 선고 뒤 집회 거세졌다,0,민주당은 이날 오후 시 분부터 약 시간 분간 서울 종로구 광화문 북측 광장 앞 도로에서 김건희 어느 순간부터 이 나라의 주인은 윤석열 김건희 명태균으로 바뀐 것 같다 고 했다 그러면서 이재명은 결코 ,0
259,민주당 주째 김건희 특검 촉구 집회 조국 파면해야 발언 ,0,주최로 김건희 특검 수용 국정농단 규명 윤석열을 거부한다 시민행진 장외 집회가 열리고 있다 연합뉴스 더불어민주당을 비롯한 야권이 일 김건희 여사 특검을 촉구하는 집회를 열었다 앞서 세 번째 김건희 ,0
260,광화문 앞 가득 채운 윤 대통령 규탄 집회 참가자들,1, 일 오후 서울 광화문 북측광장 앞에서 김건희 특검 수용 국정농단 규명 윤석열을 거부한다 시민행진 에서 참석자들이 구호를 외치고 있다 ,0
261,행진하는 조국 박찬대,1, 일 오후 서울 광화문 북측광장 앞에서 김건희 특검 수용 국정농단 규명 윤석열을 거부한다 시민행진 에서 조국 조국혁신당 대표와 박찬대 더불어민주당 원내대표가 행진을 하고 있다 ,0
262,안전관리하는 경찰들,0, 일 오후 서울 광화문 북측광장 앞에서 김건희 특검 수용 국정농단 규명 윤석열을 거부한다 시민행진 에서 경찰들이 안전 관리를 하고 있다 ,0
263,광화문 앞 가득 채운 윤 대통령 규탄 집회 참가자들,1, 일 오후 서울 광화문 북측광장 앞에서 김건희 특검 수용 국정농단 규명 윤석열을 거부한다 시민행진 에서 참석자들이 구호를 외치고 있다 ,0
264,광화문 앞 가득 채운 윤 대통령 규탄 집회 참가자들,1, 일 오후 서울 광화문 북측광장 앞에서 김건희 특검 수용 국정농단 규명 윤석열을 거부한다 시민행진 에서 참석자들이 구호를 외치고 있다 ,0
265, 김건희 특검 수용 촉구 행진하는 시민행동,0, 일 서울 광화문광장 앞 도로에서 열린 김건희 특검 수용 국정농단 규명 윤석열을 거부한다 시민행진 에서 정당 및 시민단체 참석자들이 행진하고 있다 사진 원명국 기자,0
266, 김건희 특검 수용 국정농단 규명 윤석열을 거부한다 시민행진 ,0, 일 서울 광화문광장 앞 도로에서 열린 김건희 특검 수용 국정농단 규명 윤석열을 거부한다 시민행진 에서 정당 및 시민단체 참석자들이 행진하고 있다 사진 원명국 기자,0
267, 오마이포토 광화문에서 명동까지 행진하는 시민들,0, 김건희 특검 수용 국정농단 규명 윤석열을 거부한다 시민행진 에 참석한 야 당 더불어민주당 권우성 김건희 특검 수용 국정농단 규명 윤석열을 거부한다 시민행진 에 참석한 야 당 더불어민주당 조국혁신당 ,0
268,행진하는 시민행진,0, 일 서울 광화문광장 앞 도로에서 열린 김건희 특검 수용 국정농단 규명 윤석열을 거부한다 시민행진 에서 정당 및 시민단체 참석자들이 행진하고 있다 사진 원명국 기자,0
269,이재명 유죄 후 첫 장외 집회 비통하다 김건희 특검 목소리,0,앞에서 김건희 윤석열 국정농단 규탄 특검 촉구 제 차 국민 행동의 날 집회를 열었다 집회에는 주최 측 이들은 윤석열을 거부한다 김건희 를 특검하라 가 적힌 피켓이나 촛불 모양의 등을 들고 입만 열면 거짓말 ,0
270,비 오는 광화문 메운 윤 퇴진 촛불행렬 국민 뜻 깡그리 무시 ,1, 김건희 특검 수용 국정농단 규명 윤석열을 거부한다 펼침막을 앞세운 촛불 행렬이 가을비가 내리는 광화문에서 김건희 특검 수용 국정 농단 규명 윤석열을 거부한다 시민행진 을 열었다 그간 촛불행동 등 ,0
271, 윤석열 안보 위협 순간에도 골프 쳐 거리로 나선 야당,0,더불어민주당이 윤석열 정권을 규탄하고 김건희 여사 특검 수용을 촉구하는 장외집회를 열었다 특히 최근 도로에서 김건희 윤석열 국정농단 규탄 특검 촉구 제 차 국민행동의 날 집회를 진행했다 지난 일 일에 ,0
272,광화문 앞에서 열린 정권 규탄 집회,1, 일 오후 서울 종로구 광화문 일대에서 김건희 특검 수용 국정농단 규명 윤석열을 거부한다 시민행진 집회가 진행되고 있다 ,0
273,조국 이재명 대표가 차마 못한 말은 파면 탄핵 ,0,열린 김건희 특검 수용 국정농단 규명 규명 윤석열을 거부한다 집회에 수많은 시민들이 참석해 발언을 그 두 글자는 바로 탄핵 이다 일 오후 서울 종로구 광화문 앞에서 진행된 김건희 윤석열 국정농단 규탄 ,0
274, 김건희 특검 수용 국정농단 규명 윤석열을 거부한다 시민행진 ,0, 일 오후 서울 광화문 북측광장 앞에서 김건희 특검 수용 국정농단 규명 윤석열을 거부한다 시민행진 에서 참석자들이 구호를 외치고 있다 ,0
275,휴대폰 불빛 비추며 구호 외치는 시민들,0, 일 오후 서울 종로구 광화문 일대에서 김건희 특검 수용 국정농단 규명 윤석열을 거부한다 시민행진 집회 참가자들이 휴대폰 불빛을 비추며 정권규탄 구호를 외치고 있다 ,0
276, 김건희 특검 수용 국정농단 규명 윤석열을 거부한다 시민행진 ,0, 일 오후 서울 광화문 북측광장 앞에서 김건희 특검 수용 국정농단 규명 윤석열을 거부한다 시민행진 에서 참석자들이 구호를 외치고 있다 ,0
277, 김건희 특검 수용 국정농단 규명 윤석열을 거부한다 시민행진 ,0, 일 오후 서울 광화문 북측광장 앞에서 김건희 특검 수용 국정농단 규명 윤석열을 거부한다 시민행진 에서 참석자들이 구호를 외치고 있다 ,0
278, 김건희 특검 수용 국정농단 규명 윤석열을 거부한다 시민행진 ,0, 일 오후 서울 광화문 북측광장 앞에서 김건희 특검 수용 국정농단 규명 윤석열을 거부한다 시민행진 에서 참석자들이 구호를 외치고 있다 ,0
279,휴대폰 불빛 비추며 구호 외치는 시민들,0, 일 오후 서울 종로구 광화문 일대에서 김건희 특검 수용 국정농단 규명 윤석열을 거부한다 시민행진 집회 참가자들이 휴대폰 불빛을 비추며 정권규탄 구호를 외치고 있다 ,0
280,광화문 앞에서 열린 정권 규탄 집회,1, 일 오후 서울 종로구 광화문 일대에서 김건희 특검 수용 국정농단 규명 윤석열을 거부한다 시민행진 집회가 진행되고 있다 ,0
281, 김건희 특검 수용 국정농단 규명 윤석열을 거부한다 시민행진 ,0, 일 오후 서울 광화문 북측광장 앞에서 김건희 특검 수용 국정농단 규명 윤석열을 거부한다 시민행진 에서 참석자들이 구호를 외치고 있다 ,0
282, 김건희 특검 수용 국정농단 규명 윤석열을 거부한다 시민행진 ,0, 일 오후 서울 광화문 북측광장 앞에서 김건희 특검 수용 국정농단 규명 윤석열을 거부한다 시민행진 에서 참석자들이 구호를 외치고 있다 ,0
283,휴대폰 불빛 비추며 구호 외치는 시민들,0, 일 오후 서울 종로구 광화문 일대에서 김건희 특검 수용 국정농단 규명 윤석열을 거부한다 시민행진 집회 참가자들이 휴대폰 불빛을 비추며 정권규탄 구호를 외치고 있다 ,0
284, 김건희 특검 수용 국정농단 규명 윤석열을 거부한다 시민행진,0, 일 오후 서울 종로구 광화문 앞에서 열린 윤석열을 거부한다 시민행진 에서 참가자들이 사전집회를 마치고 명동 방향으로 행진하고 있다 ,0
285,광화문 앞에서 열린 정권 규탄 집회,1, 일 오후 서울 종로구 광화문 일대에서 김건희 특검 수용 국정농단 규명 윤석열을 거부한다 시민행진 집회가 진행되고 있다 ,0
286,발언하는 배우 이기영,0,배우 이기영이 일 오후 서울 종로구 세종로 일대에서 열린 김건희 윤석열 국정농단 규탄 특검 촉구 제 차 국민행동의 날 집회에서 발언을 하고 있다 ,0
287, 윤석열을 거부한다 ,0, 일 오후 서울 종로구 세종로 일대에서 열린 김건희 특검 수용 국정농단 규명 윤석열을 거부한다 시민행진 에서 시민들이 피켓을 들며 구호를 외치고 있다 ,0
288,광화문에 모여 윤석열 정부 규탄 구호 외치는 시민들,0, 일 오후 서울 종로구 세종로 일대에서 열린 김건희 특검 수용 국정농단 규명 윤석열을 거부한다 시민행진 에서 시민들이 구호를 외치고 있다 ,0
289, 윤석열 김건희 규탄 거리로 나온 시민들,0, 일 오후 서울 종로구 광화문 앞에서 열린 윤석열을 거부한다 시민행진 에서 정당 및 시민단체 회원들이 구호를 외치고 있다 ,0
290, 김건희 특검 수용 국정농단 규명 윤석열을 거부한다 시민행진,0, 일 오후 서울 종로구 광화문 앞에서 열린 윤석열을 거부한다 시민행진 에서 정당 및 시민단체 회원들이 구호를 외치고 있다 ,0
291, 단독 김영선 좀 해줘라 오전 시 분 통화 분 간격으로 착착,0,명 씨는 또 검찰에서 김건희 여사로부터 교통비 명목으로 두 차례 돈봉투를 받았다고 진술했는데 이 돈의 성격을 규명하는 수사도 이어질 것으로 보입니다 뉴스 송재원입니다 영상취재 정인학 영상편집 허유빈,0
292, 김건희 특검 수용 국정농단 규명 이 시각 집회 현장,1, 앵커 시민들도 서울 도심에 모여 김건희 여사 특검 수용과 국정농단 진상 규명을 촉구하는 대규모 이들은 김건희 여사 특검 수용과 국정농단 진상규명을 촉구했습니다 김건희 특검 수용하라 국정농단 진상을 ,0
293,광화문 나온 이재명 이재명은 죽지 않는다 ,1,열린 김건희 윤석열 국정농단 규탄 특검 촉구 제 차 국민행동의 날 에 참석해 발언을 하고 있다 열린 김건희 윤석열 국정농단 규탄 특검 촉구 제 차 국민행동의 날 에 참석해 구호를 외치고 있다 유성호 ,0
294,민주당 사법정의특위 이재명 심판결은 사법살인 ,0,반면 명품백 수수와 주가조작 정황이 뚜렷한 김건희 여사에겐 면죄부를 줬다 정치검찰의 부끄러운 내로남불 이라며 권력 실세에겐 무제한 면죄부를 남발하고 제 야당 대표는 조작 수사 억지 기소해 유례없는 사상초유의 ,0
